Latitude,Longitude,Limitation de Vitesse
43.6987487,7.2839717,30
43.6988201,7.2838844,30
43.6989039,7.2837606,30
43.6992518,7.283212,30
43.699294,7.2831477,30
43.6993911,7.2829875,30
43.6999154,7.2821496,30
43.6999488,7.2820968,30
43.6999923,7.2820282,30
43.7005121,7.2812067,30
43.7006165,7.2810348,30
43.7006664,7.2809469,30
43.70069,7.2808949,30
43.7006999,7.2808633,30
43.6951365,7.2690949,50
43.6951175,7.2683972,50
43.695104,7.2681055,50
43.6950911,7.2678278,50
43.6950661,7.2672558,50
43.6950478,7.266712,50
43.6950419,7.2665734,50
43.6950399,7.2665227,50
43.6950376,7.266467,50
43.6950339,7.2663743,50
43.6647372,7.201433,70
43.6649603,7.2020182,70
43.6650227,7.2022185,70
43.6650854,7.2024299,70
43.6651532,7.2026929,70
43.6651893,7.2028559,70
43.665216,7.2029764,70
43.7104648,7.1877803,70
43.7113678,7.187646,70
43.7115497,7.1876134,70
43.7117029,7.1875839,70
43.7123178,7.1874496,70
43.6969078,7.2795453,30
43.696861,7.2798284,30
43.6968328,7.2800656,30
43.6967874,7.2803077,30
43.6967499,7.280575,30
43.6967413,7.2806934,30
43.6967424,7.2808334,30
43.6967717,7.281035,30
43.6968363,7.2812473,30
43.6968671,7.2813483,30
43.6968909,7.2814216,30
43.6968887,7.2815428,30
43.6969002,7.2816984,30
43.7252547,7.2492919,50
43.7251668,7.2493478,50
43.7250421,7.2494061,50
43.7247374,7.2495449,50
43.7246474,7.2495889,50
43.724526,7.2496482,50
43.7243287,7.2497431,50
43.7242623,7.2497766,50
43.724182,7.2498145,50
43.7240382,7.2498799,50
43.7239156,7.2499393,50
43.7236775,7.2500525,50
43.7235591,7.250117,50
43.7234008,7.2501872,50
43.7231987,7.2502832,50
43.7231406,7.2503072,50
43.7230591,7.2503469,50
43.7228895,7.2504187,50
43.722149,7.2507741,50
43.7220215,7.250834,50
43.7219038,7.2508894,50
43.7217609,7.2509538,50
43.7216053,7.2510218,50
43.7215924,7.2510276,50
43.7215452,7.251049,50
43.7211658,7.2512299,50
43.7206366,7.2514812,50
43.7205682,7.251513,50
43.7200186,7.2517624,50
43.7196447,7.2519293,50
43.7193414,7.2520909,50
43.719252,7.2521339,50
43.7192267,7.2521449,50
43.7191423,7.2521818,50
43.7100628,7.2560076,50
43.7100603,7.2558451,50
43.7100562,7.2555702,50
43.7166157,7.2571749,50
43.7165456,7.2572278,50
43.7164219,7.2573211,50
43.7163951,7.2573393,50
43.7162576,7.2574328,50
43.7161968,7.2575293,50
43.6964832,7.271835,20
43.6965486,7.2712182,20
43.6965519,7.2711868,20
43.6965462,7.2711247,20
43.6965232,7.2710866,20
43.6931898,7.2813671,50
43.6931615,7.2812607,50
43.6931412,7.2811445,50
43.6931329,7.2810321,50
43.6931381,7.2809174,50
43.6931579,7.2807831,50
43.6931969,7.2806426,50
43.6933711,7.2801239,50
43.6935761,7.2795288,50
43.6936355,7.2792807,50
43.6936742,7.2792091,50
43.6937179,7.279174,50
43.693768,7.2791512,50
43.6938196,7.2791362,50
43.6940328,7.2791142,50
43.6941443,7.2790737,50
43.6941956,7.2790502,50
43.6942428,7.2790211,50
43.6967396,7.2835132,50
43.6966377,7.2835059,50
43.6962318,7.2834436,50
43.6962047,7.28344,50
43.6983253,7.2837614,50
43.6975323,7.2836233,50
43.6974654,7.2836108,50
43.6970341,7.2835388,50
43.696821,7.2835149,50
43.6967396,7.2835132,50
43.6949154,7.2664434,50
43.6949166,7.2664761,50
43.6949186,7.2665294,50
43.6949584,7.2675528,50
43.6949695,7.2678393,50
43.694975,7.2680321,50
43.6971714,7.2695476,50
43.6967998,7.2686925,50
43.6967222,7.2685078,50
43.6963963,7.267731,50
43.6963668,7.2676624,50
43.6963427,7.2676018,50
43.6962916,7.26748,50
43.6962009,7.2672488,50
43.7042606,7.265544,30
43.7042903,7.2656447,30
43.7042953,7.2656614,30
43.7043009,7.2656804,30
43.7043229,7.265755,30
43.7047321,7.2673616,30
43.704891,7.2679176,30
43.7049129,7.2679942,30
43.7049378,7.2680696,30
43.7051567,7.2687339,30
43.7052925,7.2691695,30
43.7053155,7.2692432,30
43.7053455,7.2693366,30
43.7054641,7.2697057,30
43.7056453,7.2702043,30
43.705678,7.2702863,30
43.7063253,7.2663451,50
43.7062675,7.2663852,50
43.7058439,7.266659,50
43.705784,7.2666978,50
43.6998188,7.2684192,50
43.6998348,7.2684658,50
43.6998418,7.2684864,50
43.69985,7.2685105,50
43.69988,7.2686012,50
43.6999957,7.2689507,50
43.7000987,7.2692618,50
43.7001184,7.2693213,50
43.6986379,7.2750915,50
43.698714,7.275031,50
43.6996387,7.2742516,50
43.6996923,7.2742066,50
43.6997514,7.2741572,50
43.7003493,7.273658,50
43.7003894,7.273622,50
43.7026214,7.2647073,50
43.7026207,7.2646207,50
43.7026164,7.264082,50
43.7026157,7.2639985,50
43.7041751,7.2741061,50
43.7042464,7.2739416,50
43.7043458,7.2737253,50
43.7043888,7.2736317,50
43.7044767,7.2734104,50
43.6989679,7.262441,30
43.6988174,7.2625275,30
43.6982807,7.2626703,30
43.6982368,7.2626823,30
43.6958533,7.2608196,50
43.6959097,7.2607993,50
43.6962364,7.2607047,50
43.6966906,7.2605733,50
43.6967223,7.2605641,50
43.6967835,7.2605476,50
43.696817,7.260538,50
43.6968759,7.2605243,50
43.697015,7.2604892,50
43.697619,7.2603101,50
43.6976577,7.2602986,50
43.6976856,7.2602898,50
43.6977355,7.2602742,50
43.6977819,7.2602597,50
43.6982705,7.2601095,50
43.6982954,7.2601016,50
43.698409,7.2600571,50
43.6986811,7.2612553,50
43.6987648,7.2612248,50
43.6995395,7.2613445,50
43.6996011,7.261354,50
43.6996797,7.2613664,50
43.700131,7.2614376,50
43.7003408,7.2614706,50
43.7003953,7.2614795,50
43.7027965,7.2597393,50
43.7025473,7.2597003,50
43.7020463,7.259622,50
43.702002,7.2596154,50
43.7019432,7.2596072,50
43.7006816,7.2594306,50
43.7006198,7.2594217,50
43.7005606,7.2594118,50
43.6996662,7.259261,50
43.6995951,7.259249,50
43.6995224,7.2592385,50
43.6988118,7.2591362,50
43.6983219,7.2590594,50
43.6982504,7.2590462,50
43.6981675,7.2590329,50
43.6956728,7.2691764,50
43.6956812,7.269117,50
43.6956981,7.2690828,50
43.695722,7.2690525,50
43.7323526,7.2948798,110
43.7320232,7.2995129,110
43.7320053,7.299868,110
43.7288792,7.4084921,50
43.7289259,7.4085476,50
43.7289595,7.4085822,50
43.7289914,7.4085955,50
43.7290437,7.408609,50
43.729101,7.4085964,50
43.6705383,7.2030243,30
43.6708711,7.2028711,30
43.6710034,7.2028076,30
43.6710757,7.2027786,30
43.6711333,7.2027746,30
43.6712071,7.2027898,30
43.6712654,7.2028375,30
43.6713053,7.2029217,30
43.6713263,7.2030054,30
43.6713257,7.2031058,30
43.6713014,7.203201,30
43.6712581,7.2032767,30
43.671202,7.2033515,30
43.671078,7.2034885,30
43.6738504,7.1990899,50
43.673949,7.1990161,50
43.6740547,7.1989605,50
43.6741701,7.198916,50
43.6742696,7.1988971,50
43.6743502,7.1988885,50
43.6982554,7.2871946,50
43.6982634,7.287109,50
43.6880254,7.2961319,30
43.6879987,7.2962254,30
43.6879622,7.2963731,30
43.687895,7.2966814,30
43.7043712,7.3216752,50
43.7042747,7.3217491,50
43.7042076,7.3218144,50
43.7041448,7.3218952,50
43.7040359,7.3220629,50
43.7038152,7.32242,50
43.7036973,7.3226346,50
43.7035651,7.322935,50
43.703527,7.3230275,50
43.703263,7.3236474,50
43.7031823,7.3238193,50
43.7030914,7.3239989,50
43.7029448,7.3242539,50
43.7028274,7.3244329,50
43.7027244,7.3245807,50
43.702485,7.324898,50
43.7022674,7.325178,50
43.7052897,7.3337699,30
43.7053051,7.3336764,30
43.7053331,7.3335819,30
43.7053733,7.3334812,30
43.7230013,7.3595862,70
43.7229955,7.359864,70
43.7229086,7.3613746,70
43.722811,7.3629011,70
43.7227784,7.3634088,70
43.7227163,7.3638551,70
43.7226743,7.3640773,70
43.7226208,7.3643162,70
43.7225082,7.3646971,70
43.7223628,7.3650825,70
43.7222566,7.3653312,70
43.7220772,7.3656498,70
43.7218417,7.3660095,70
43.7211736,7.3669453,70
43.7210054,7.3672149,70
43.7209482,7.3673227,70
43.7142378,7.3451717,70
43.7142281,7.3449786,70
43.7141922,7.3447533,70
43.7141621,7.3445843,70
43.7141418,7.3444194,70
43.7141214,7.3441941,70
43.7140943,7.3438172,70
43.7174353,7.3491379,30
43.7174888,7.3491408,30
43.7175933,7.349174,30
43.7176694,7.349213,30
43.7177358,7.3492567,30
43.7178107,7.349325,30
43.7179272,7.3494682,30
43.7184074,7.3502391,30
43.7186191,7.3505831,30
43.7186702,7.3506612,30
43.7233315,7.383693,50
43.7233368,7.3838036,50
43.7233494,7.3839148,50
43.7233628,7.3840239,50
43.7233839,7.3841593,50
43.7234126,7.3843104,50
43.7234395,7.384431,50
43.723465,7.38451,50
43.7234938,7.384583,50
43.7235277,7.384655,50
43.723602,7.384776,50
43.7236758,7.3849015,50
43.7237229,7.3849827,50
43.7237395,7.3850185,50
43.7237722,7.3851014,50
43.7238001,7.3851897,50
43.7238193,7.3852904,50
43.7238363,7.3854233,50
43.7238424,7.3854988,50
43.7238452,7.3855613,50
43.723845,7.3856601,50
43.7238403,7.3857214,50
43.7238334,7.3858044,50
43.7238076,7.3860716,50
43.7237979,7.3861969,50
43.7237882,7.3862733,50
43.7237687,7.3864005,50
43.7237456,7.3864859,50
43.723712,7.3865843,50
43.7236689,7.3867102,50
43.723646,7.3867968,50
43.7236301,7.3868719,50
43.7236181,7.3869565,50
43.7236091,7.3870594,50
43.7236086,7.3871398,50
43.7236111,7.3872324,50
43.7236451,7.3876759,50
43.7236481,7.3877081,50
43.6945376,7.2865769,30
43.6945869,7.286552,30
43.6946467,7.2865399,30
43.6946999,7.2865453,30
43.6950008,7.2865918,30
43.7020634,7.2821945,50
43.7020714,7.2821688,50
43.7021017,7.2820704,50
43.7021213,7.2820069,50
43.7021362,7.2819589,50
43.7022711,7.2815206,50
43.7023735,7.2811884,50
43.7023914,7.2811303,50
43.7023987,7.2811066,50
43.7024161,7.2810503,50
43.7024233,7.2810268,50
43.7024306,7.2810032,50
43.7024463,7.2809523,50
43.7024546,7.2809249,50
43.7024666,7.2808857,50
43.7025604,7.280582,50
43.7026761,7.2802136,50
43.7026921,7.2801647,50
43.7027311,7.2800555,50
43.7008737,7.2819164,20
43.7007336,7.2819307,20
43.7006901,7.2819351,20
43.7016476,7.2835493,50
43.701717,7.2835878,50
43.7024413,7.2839959,50
43.7024972,7.2840302,50
43.7027979,7.2842151,50
43.7028558,7.284248,50
43.7029202,7.2842862,50
43.703395,7.284551,50
43.7034513,7.2845824,50
43.703509,7.2846175,50
43.7038957,7.2848525,50
43.7039456,7.2848828,50
43.70401,7.2849195,50
43.7044932,7.2851947,50
43.7045574,7.2852313,50
43.7046249,7.2852677,50
43.7050647,7.2855048,50
43.7051434,7.2855492,50
43.7018328,7.2876103,50
43.7018473,7.2875647,50
43.7018802,7.2874592,50
43.7019125,7.287357,50
43.7022498,7.2862609,50
43.7022772,7.2861719,50
43.7023022,7.2860894,50
43.7025443,7.2852916,50
43.7025928,7.2851318,50
43.7055417,7.2895319,50
43.7054432,7.2894773,50
43.7016122,7.2818393,30
43.7016721,7.2818406,30
43.7020084,7.2820195,30
43.7020353,7.2820341,30
43.7021017,7.2820704,30
43.7006901,7.2819351,20
43.7007099,7.282181,20
43.7007241,7.2825193,20
43.7007167,7.2827705,20
43.7006958,7.2829718,20
43.7006753,7.2832654,20
43.7006684,7.2833612,20
43.6987487,7.2839717,50
43.6988009,7.2839516,50
43.698844,7.2839456,50
43.6988868,7.2839486,50
43.699305,7.2840334,50
43.7002786,7.2805798,30
43.6998896,7.2808528,30
43.6998647,7.2808707,30
43.6997824,7.2809361,30
43.6996738,7.2810243,30
43.6994004,7.2812575,30
43.6973563,7.2830422,30
43.6973168,7.2828468,30
43.6991795,7.2854727,30
43.6991073,7.2863334,30
43.6991035,7.2863791,30
43.6990954,7.2864629,30
43.6991795,7.2854727,50
43.6991137,7.2854616,50
43.6987357,7.2853883,50
43.6987043,7.2853846,50
43.6985847,7.2853664,50
43.7004374,7.2866859,50
43.7003716,7.2866752,50
43.7000802,7.2866277,50
43.6998568,7.2865913,50
43.6998214,7.2865855,50
43.6997588,7.2865753,50
43.7013374,7.2881465,50
43.7016018,7.2883406,50
43.7016304,7.2883615,50
43.7016688,7.2883897,50
43.70172,7.2884261,50
43.6981395,7.2871241,30
43.6983707,7.2871641,30
43.698336,7.2863865,30
43.6982271,7.2864359,30
43.6981657,7.2864462,30
43.6980669,7.2864382,30
43.6974051,7.2863191,30
43.6973469,7.2863088,30
43.6971734,7.2862811,30
43.6968583,7.2862297,30
43.6967308,7.2861998,30
43.695982,7.2859294,30
43.6959701,7.2859526,30
43.6959622,7.2859855,30
43.6959413,7.2862857,30
43.6959016,7.2866645,30
43.6958942,7.2867511,30
43.6963923,7.2700584,30
43.6964515,7.2701629,30
43.6965522,7.2703103,30
43.6966033,7.2703925,30
43.6966305,7.2704399,30
43.6966638,7.2705127,30
43.6966907,7.2705903,30
43.6967077,7.2706423,30
43.6967166,7.2706736,30
43.6951365,7.2690949,50
43.6951755,7.2691245,50
43.6952158,7.2691424,50
43.695257,7.2691554,50
43.6980644,7.2727785,50
43.698143,7.2727403,50
43.6987224,7.2724108,50
43.6988334,7.2723471,50
43.698848,7.2723387,50
43.6988738,7.2723239,50
43.6989243,7.2722965,50
43.6989855,7.2722636,50
43.6991647,7.2721671,50
43.6996044,7.2719091,50
43.6996375,7.2718897,50
43.6996944,7.2718563,50
43.6993586,7.270885,50
43.6993071,7.2709105,50
43.6986614,7.2712309,50
43.6985871,7.2712665,50
43.6985371,7.2712917,50
43.6979038,7.2716023,50
43.6978607,7.271625,50
43.6977914,7.2716591,50
43.7012106,7.2699473,50
43.701163,7.269971,50
43.700492,7.2703006,50
43.700444,7.2703269,50
43.7004074,7.270347,50
43.7003902,7.2703565,50
43.6999123,7.2706018,50
43.6994288,7.2708491,50
43.6993876,7.2708702,50
43.6993586,7.270885,50
43.7001184,7.2693213,50
43.700053,7.2693582,50
43.6995943,7.2696181,50
43.699557,7.2696382,50
43.6991015,7.2698836,50
43.6990297,7.2699196,50
43.7542929,7.4356625,50
43.7540136,7.4367123,50
43.7059958,7.3010206,50
43.7060427,7.3010539,50
43.7060652,7.3010745,50
43.7051649,7.2909643,50
43.7051601,7.2908932,50
43.7051635,7.2908282,50
43.7051823,7.2907154,50
43.7052394,7.2905409,50
43.7066892,7.2814332,50
43.7066585,7.2814682,50
43.7065805,7.2815572,50
43.7063712,7.281796,50
43.7062605,7.2819594,50
43.7061878,7.282114,50
43.7061562,7.2822164,50
43.7060883,7.2824117,50
43.7069109,7.2807289,50
43.7069108,7.2808829,50
43.706903,7.2809819,50
43.7068849,7.2810721,50
43.7068601,7.2811467,50
43.7068338,7.2812266,50
43.7072122,7.2815766,50
43.7068816,7.2814803,50
43.7068558,7.2814732,50
43.7066892,7.2814332,50
43.7020853,7.2905261,30
43.7019646,7.2903024,30
43.7018542,7.2900964,30
43.7017252,7.2898559,30
43.7016933,7.2897963,30
43.7016592,7.2897332,30
43.7016178,7.2896563,30
43.7012747,7.2890203,30
43.701103,7.2887668,30
43.7010541,7.2886964,30
43.7014085,7.2904072,30
43.701435,7.2904576,30
43.7018385,7.2912245,30
43.7019002,7.2912544,30
43.7019535,7.2912528,30
43.7027311,7.2800555,50
43.7028173,7.2799459,50
43.7030456,7.2792618,50
43.7030601,7.279217,50
43.7030784,7.2791592,50
43.7031185,7.2790427,50
43.7030288,7.278973,50
43.7029859,7.2790972,50
43.7029688,7.2791428,50
43.7027315,7.2798525,50
43.7027201,7.2798854,50
43.7027311,7.2800555,50
43.7001456,7.2782136,50
43.7001716,7.2782272,50
43.7006999,7.2808633,30
43.7008325,7.2804554,30
43.7009663,7.2799991,30
43.700975,7.2799695,30
43.7009871,7.2799285,30
43.7011269,7.2794518,30
43.703038,7.2785015,50
43.7030349,7.2786618,50
43.7030336,7.2787091,50
43.7030357,7.2789105,50
43.7030288,7.278973,50
43.6997114,7.2767281,50
43.699751,7.276617,50
43.7000929,7.2756241,50
43.7002989,7.2750926,50
43.7003425,7.2750309,50
43.7001803,7.2748253,30
43.7002187,7.2747678,30
43.7006192,7.2741679,30
43.7006567,7.2740945,30
43.7006737,7.274052,30
43.7007056,7.2739977,30
43.7009188,7.2736863,30
43.7013722,7.2729883,30
43.7014061,7.2729405,30
43.7014423,7.2728896,30
43.7015079,7.2727883,30
43.701657,7.2725527,30
43.7019871,7.2720313,30
43.6984128,7.2741813,50
43.6983661,7.2742044,50
43.6983389,7.2742181,50
43.6981661,7.2743007,50
43.6979546,7.274403,50
43.6978997,7.2744296,50
43.6978074,7.2744794,50
43.6974175,7.2731042,30
43.6975409,7.2730384,30
43.697806,7.2729081,30
43.6979601,7.272831,30
43.6979946,7.2728136,30
43.6980173,7.2728022,30
43.6980644,7.2727785,30
43.6987588,7.2806551,30
43.6987979,7.2806966,30
43.6988353,7.2807363,30
43.6988465,7.2807628,30
43.6988576,7.2807893,30
43.698861,7.2808285,30
43.69886,7.2808731,30
43.6988426,7.2809154,30
43.6986753,7.2811655,30
43.6985139,7.2813298,30
43.6981998,7.2815806,30
43.697918,7.2818136,30
43.6975919,7.2820476,30
43.6974062,7.2821548,30
43.6973168,7.2828468,50
43.6971268,7.2828889,50
43.6969562,7.2828889,50
43.6968239,7.2828848,50
43.696258,7.2828674,50
43.6957849,7.2828245,50
43.6952191,7.2827789,50
43.6948048,7.2827399,50
43.6945853,7.2827195,50
43.6945254,7.2826973,50
43.6942277,7.2824849,50
43.6973563,7.2830422,50
43.6972808,7.2830643,50
43.6969052,7.2831362,50
43.6968568,7.2831577,50
43.6968126,7.2831823,50
43.6967715,7.2832502,50
43.6967509,7.283308,50
43.6967396,7.2835132,50
43.6978074,7.2744794,50
43.6977408,7.2745138,50
43.6977146,7.2745279,50
43.6976474,7.27453,50
43.6976112,7.2745275,50
43.6975753,7.2745142,50
43.6975388,7.2744428,50
43.697419,7.2740546,50
43.6973297,7.2737651,50
43.6971445,7.2731739,50
43.6971165,7.2731444,50
43.6970255,7.2731141,50
43.6957046,7.2702755,30
43.6956528,7.2702773,30
43.6951893,7.2702945,30
43.69514,7.2702938,30
43.6956859,7.2696563,30
43.6956265,7.2696594,30
43.6951823,7.269683,30
43.6951359,7.2696827,30
43.6951729,7.2740331,50
43.6951633,7.2734244,50
43.6951581,7.2727702,50
43.6951577,7.2727178,50
43.6951492,7.2721439,50
43.6951425,7.2715473,50
43.6951644,7.2713331,50
43.696267,7.270222,30
43.6962096,7.2701762,30
43.6957501,7.26981,30
43.6956881,7.2697606,30
43.7041015,7.2624327,50
43.7038121,7.2624435,50
43.7037581,7.262453,50
43.6987596,7.2690877,50
43.6987429,7.2690355,50
43.6985893,7.2685819,50
43.6982407,7.2675202,50
43.698106,7.2671314,50
43.6980261,7.2669119,50
43.6995896,7.2584263,50
43.6995946,7.2591726,50
43.6995951,7.259249,50
43.6995957,7.2593305,50
43.6995986,7.2597091,50
43.6996006,7.2602069,50
43.699601,7.2602961,50
43.699601,7.2603805,50
43.6996011,7.2612729,50
43.6996011,7.261354,50
43.6996021,7.2614312,50
43.6996057,7.2617899,50
43.6996129,7.2622349,50
43.699614,7.2623179,50
43.7030715,7.2639513,50
43.7030762,7.264018,50
43.7031138,7.2645527,50
43.703121,7.2646315,50
43.7015889,7.2639383,50
43.7016591,7.263945,50
43.7025814,7.2639964,50
43.7026157,7.2639985,50
43.7016141,7.2561336,50
43.7015861,7.2560587,50
43.7015596,7.2559871,50
43.7012214,7.2550713,50
43.7011783,7.2549574,50
43.6937061,7.2556413,30
43.6937894,7.2556301,30
43.6946949,7.2553828,30
43.6949763,7.255306,30
43.6950268,7.2552895,30
43.7019815,7.27094,30
43.702015,7.2706021,30
43.7020181,7.2705702,30
43.7020245,7.2704959,30
43.7021278,7.2701297,30
43.7021542,7.269858,30
43.7021567,7.2698259,30
43.7038962,7.2720727,50
43.7039408,7.2720833,50
43.7041699,7.2721802,50
43.7042124,7.272198,50
43.7062666,7.269823,30
43.7062436,7.2697544,30
43.7059699,7.2689387,30
43.7059428,7.268858,30
43.705912,7.2687747,30
43.7055278,7.2676821,30
43.7055109,7.2676205,30
43.705488,7.2675556,30
43.7053173,7.2670797,30
43.7052954,7.2670186,30
43.7052354,7.2649937,30
43.7052344,7.2650484,30
43.705239,7.2650703,30
43.7052447,7.2650886,30
43.7052795,7.2652193,30
43.725106,7.2479941,50
43.725146,7.2481468,50
43.7251781,7.2482863,50
43.7252051,7.248404,50
43.725236,7.2485442,50
43.7175976,7.2133667,90
43.7173769,7.2133295,90
43.7171531,7.2133094,90
43.7169269,7.2133122,90
43.716749,7.2133188,90
43.7166051,7.2133251,90
43.7153109,7.2134249,90
43.7145848,7.213486,90
43.7142411,7.2135089,90
43.7139726,7.2135145,90
43.7137275,7.2135087,90
43.71346,7.2134801,90
43.7131943,7.2134302,90
43.7129487,7.2133638,90
43.712735,7.2132831,90
43.7124892,7.2131738,90
43.712185,7.2130007,90
43.711919,7.2128141,90
43.7116734,7.2126045,90
43.7114178,7.2123582,90
43.7111738,7.2120993,90
43.7107643,7.2116105,90
43.7105185,7.2112968,90
43.7102333,7.2108579,90
43.7101324,7.2106815,90
43.7100172,7.2104602,90
43.709943,7.2103073,90
43.7098202,7.2100381,90
43.7097477,7.2098576,90
43.7096653,7.2096275,90
43.709579,7.2093398,90
43.7095137,7.2090888,90
43.7094577,7.2088642,90
43.7094184,7.2086565,90
43.709387,7.2084815,90
43.7093655,7.2083356,90
43.7093415,7.2081489,90
43.7093219,7.2079551,90
43.7093096,7.2077515,90
43.7093076,7.2074652,90
43.7093145,7.2072278,90
43.7093343,7.2069818,90
43.7093558,7.2067847,90
43.709392,7.2065667,90
43.7094499,7.2063071,90
43.7095106,7.2060596,90
43.7096398,7.205652,90
43.7101361,7.204104,90
43.7102449,7.203598,90
43.7103108,7.2032198,90
43.7103526,7.2029088,90
43.7104097,7.2024836,90
43.7104402,7.202198,90
43.7105095,7.2015488,90
43.7105512,7.2009735,90
43.7105609,7.2006167,90
43.7105551,7.2001876,90
43.7105171,7.1996368,90
43.7104467,7.1992456,90
43.7103741,7.1989474,90
43.7102747,7.1985835,90
43.710016,7.1977653,90
43.7076691,7.1916555,90
43.7082161,7.1928037,90
43.7083379,7.1930982,90
43.708508,7.1935661,90
43.7086615,7.1940237,90
43.7192486,7.2679207,30
43.7187864,7.2674243,30
43.7184628,7.2670483,30
43.7182099,7.2667681,30
43.7181751,7.2667164,30
43.7181426,7.2666547,30
43.7180709,7.2664894,30
43.7180238,7.2663739,30
43.7179527,7.2662245,30
43.7178814,7.2661223,30
43.7178228,7.2660512,30
43.717764,7.2659908,30
43.7176963,7.2659473,30
43.717404,7.2658126,30
43.7171897,7.2657082,30
43.7170449,7.2656549,30
43.716961,7.2656316,30
43.7168976,7.2656214,30
43.7167206,7.2656262,30
43.7163318,7.2656449,30
43.7175882,7.261354,30
43.7175975,7.2614618,30
43.7176452,7.261874,30
43.7176283,7.262035,30
43.7176941,7.2628084,30
43.7176914,7.2628309,30
43.7176835,7.2628973,30
43.7253881,7.2615745,30
43.7253658,7.2614537,30
43.7252883,7.2610747,30
43.7252856,7.2609545,30
43.7253244,7.2608381,30
43.7254006,7.2607012,30
43.7255099,7.2605987,30
43.7256077,7.2605071,30
43.7258976,7.2602982,30
43.726237,7.2600985,30
43.7264461,7.2599385,30
43.726571,7.2597897,30
43.7266966,7.2596011,30
43.7269251,7.2592332,30
43.726994,7.2591311,30
43.7271161,7.2589503,30
43.7271215,7.2588283,30
43.7270787,7.2587044,30
43.7269664,7.2586023,30
43.7268709,7.2585861,30
43.7267344,7.2586033,30
43.7254443,7.2592041,30
43.7253705,7.2592046,30
43.7251285,7.2592062,30
43.7245581,7.2591881,30
43.724337,7.259329,30
43.7243069,7.2593471,30
43.7242747,7.2593592,30
43.7166319,7.2572892,50
43.7166205,7.2573744,50
43.7165978,7.2574526,50
43.7165696,7.2575392,50
43.7164668,7.257866,50
43.7164109,7.2580418,50
43.7163551,7.2581924,50
43.7163035,7.2583487,50
43.7145874,7.2585937,30
43.7145925,7.2586577,30
43.714591,7.2587315,30
43.7146474,7.2603722,30
43.7146766,7.2612201,30
43.7147011,7.2612975,30
43.7147152,7.2613418,30
43.7286523,7.2608911,70
43.7286996,7.2604559,70
43.728781,7.2597289,70
43.7288449,7.2593967,70
43.7288887,7.2592638,70
43.7289652,7.2591167,70
43.7290373,7.2590353,70
43.7291358,7.2589587,70
43.7292357,7.2589122,70
43.7294621,7.2587962,70
43.729592,7.2587235,70
43.7296821,7.2586668,70
43.7297663,7.2585791,70
43.7298114,7.2585179,70
43.7298565,7.2584445,70
43.7299012,7.2583404,70
43.7299369,7.2582098,70
43.7299735,7.2580224,70
43.7300035,7.2578388,70
43.7300262,7.257618,70
43.7300394,7.2574321,70
43.7300407,7.2572004,70
43.7300371,7.2569656,70
43.7300263,7.2568137,70
43.7300118,7.2566566,70
43.7299872,7.2564713,70
43.7299706,7.2563665,70
43.7296855,7.2544877,50
43.7296503,7.2543226,50
43.7296319,7.2542676,50
43.7295983,7.2541825,50
43.7295485,7.2540772,50
43.7295296,7.2540464,50
43.7295136,7.2540282,50
43.7294982,7.2540144,50
43.729466,7.2539865,50
43.7293865,7.254066,50
43.7294603,7.2541104,50
43.7294821,7.2541255,50
43.7295025,7.2541483,50
43.7295209,7.2541717,50
43.7295388,7.2542006,50
43.7295524,7.254224,50
43.7295721,7.2542676,50
43.7295917,7.2543206,50
43.729628,7.2545417,50
43.7288757,7.2546073,50
43.728923,7.2545473,50
43.7289976,7.2544219,50
43.7290378,7.2543682,50
43.7290717,7.25433,50
43.7290979,7.2543065,50
43.7291287,7.2542831,50
43.7291967,7.2542455,50
43.729253,7.2542294,50
43.72931,7.2542236,50
43.7293552,7.2542261,50
43.7294046,7.2542415,50
43.7294487,7.2542623,50
43.7295065,7.2543065,50
43.7295476,7.2543528,50
43.7295854,7.2544225,50
43.729628,7.2545417,50
43.7292855,7.253914,50
43.7292433,7.2539277,50
43.7292073,7.2539453,50
43.7291749,7.2539679,50
43.7291459,7.2539907,50
43.7291037,7.2540336,50
43.7290679,7.2540759,50
43.7290354,7.2541255,50
43.7290021,7.2541808,50
43.7288731,7.2544131,50
43.7286197,7.2548591,50
43.7282784,7.2553211,50
43.7281784,7.2553384,50
43.7279626,7.2553673,50
43.7273933,7.2554496,50
43.7268251,7.2555327,50
43.7266567,7.2555616,50
43.7262926,7.2555698,50
43.7262166,7.2555713,50
43.7261009,7.2555868,50
43.7321209,7.2726746,90
43.7321097,7.2722502,90
43.7315821,7.2559383,90
43.7318805,7.255808,90
43.7328237,7.2553771,90
43.7333909,7.2550939,90
43.7337142,7.2549029,90
43.7339049,7.2547531,90
43.7340633,7.2545956,90
43.7342443,7.254347,90
43.7343874,7.2540997,90
43.7345209,7.2538046,90
43.7346203,7.2535434,90
43.7347185,7.2532122,90
43.7347937,7.2529047,90
43.7349541,7.2520111,90
43.7351023,7.2509965,90
43.7351948,7.2502926,90
43.7352772,7.2494136,90
43.7353245,7.2487036,90
43.7353468,7.2479907,90
43.7353299,7.2471284,90
43.7352823,7.246501,90
43.7352144,7.2458379,90
43.7351187,7.2451354,90
43.7349944,7.2443934,90
43.7347552,7.2444562,90
43.7348775,7.245281,90
43.7349771,7.2460359,90
43.7350397,7.2469886,90
43.7350581,7.2479892,90
43.7350281,7.2488171,90
43.7349633,7.2495978,90
43.7348604,7.2504744,90
43.7346932,7.2516553,90
43.7345036,7.2526307,90
43.7343714,7.2531819,90
43.7342386,7.2536094,90
43.7341533,7.2538166,90
43.7340422,7.254027,90
43.7339545,7.254155,90
43.7338197,7.2543214,90
43.7335931,7.2545368,90
43.7333211,7.2547244,90
43.7328562,7.2549531,90
43.73171,7.2554783,90
43.7297603,7.2568639,90
43.7296549,7.2569961,90
43.7296452,7.2570083,90
43.7294939,7.2572166,90
43.729371,7.2574034,90
43.7292715,7.2575755,90
43.7291883,7.2577351,90
43.7290707,7.2579945,90
43.7289559,7.2582726,90
43.728851,7.2585549,90
43.7287711,7.2588196,90
43.7349944,7.2443934,90
43.7349257,7.2440156,90
43.7348324,7.2435712,90
43.7347339,7.2431758,90
43.734628,7.2428122,90
43.734484,7.2423649,90
43.7343526,7.2419924,90
43.7341488,7.2414745,90
43.73376,7.2405586,90
43.7332901,7.2396201,90
43.7327788,7.2387591,90
43.7322945,7.2380578,90
43.7316338,7.2372528,90
43.7308643,7.236409,90
43.730028,7.2355856,90
43.7335082,7.2406474,90
43.7336244,7.2408892,90
43.7336735,7.2409914,90
43.7338317,7.2413633,90
43.729857,7.235761,90
43.7307352,7.236677,90
43.7314691,7.2375314,90
43.7318414,7.2379495,90
43.7321397,7.2383378,90
43.7324165,7.2387332,90
43.7326908,7.2391485,90
43.7329243,7.2395225,90
43.7331318,7.2398871,90
43.7333264,7.240269,90
43.7335082,7.2406474,90
43.730028,7.2355856,90
43.7294446,7.2350359,90
43.728382,7.2340212,90
43.728043,7.2336939,90
43.7278523,7.2335005,90
43.7276497,7.2332618,90
43.7274763,7.233042,90
43.727282,7.2327722,90
43.727282,7.2327722,90
43.7265401,7.2316676,90
43.7258802,7.2307,90
43.7270763,7.2328929,90
43.7271903,7.2330311,90
43.7273243,7.2331642,90
43.727599,7.2334502,90
43.7282413,7.2341156,90
43.7285923,7.234465,90
43.7290735,7.2349511,90
43.7291531,7.2350315,90
43.729857,7.235761,90
43.7256783,7.2309019,90
43.7258571,7.231161,90
43.7264853,7.2320686,90
43.7267901,7.2325089,90
43.7269957,7.232792,90
43.7270763,7.2328929,90
43.7211437,7.2173838,90
43.7213215,7.2176593,90
43.7214429,7.2178763,90
43.7215513,7.2180876,90
43.7216403,7.2183002,90
43.7217283,7.2185437,90
43.7217865,7.2187418,90
43.7218434,7.218966,90
43.7218877,7.2192009,90
43.7219325,7.2194501,90
43.7219593,7.219649,90
43.7175962,7.2136801,90
43.7180088,7.2138549,90
43.7183415,7.2140364,90
43.718702,7.2142906,90
43.7190317,7.2146047,90
43.7192974,7.2148968,90
43.7199037,7.2156552,90
43.7208194,7.2169335,90
43.7211437,7.2173838,90
43.7258802,7.2307,90
43.7256585,7.2304389,90
43.7251936,7.2299456,90
43.7243891,7.2291993,90
43.7242406,7.229053,90
43.7240407,7.2288561,90
43.7218668,7.218194,90
43.7217135,7.2178337,90
43.7214118,7.2172935,90
43.7210674,7.2168021,90
43.7201365,7.2155109,90
43.7192313,7.214449,90
43.7187576,7.2139864,90
43.718362,7.2136992,90
43.7181431,7.2135628,90
43.7178589,7.2134406,90
43.7175976,7.2133667,90
43.7052439,7.1887842,50
43.705446,7.1890292,50
43.7055405,7.1891674,50
43.7055868,7.1892745,50
43.7056126,7.1894035,50
43.705615,7.1895633,50
43.7055864,7.1896806,50
43.7055321,7.1897868,50
43.70547,7.1898668,50
43.7053941,7.1899375,50
43.705319,7.1899775,50
43.7085995,7.1933967,50
43.7083533,7.1924093,50
43.7082506,7.1920662,50
43.7081093,7.1915359,50
43.7080313,7.1909587,50
43.7079695,7.1904655,50
43.7079575,7.1904011,50
43.7079098,7.1901456,50
43.7078187,7.189873,50
43.7077369,7.1897163,50
43.7076672,7.1896049,50
43.7075867,7.189503,50
43.707464,7.1893843,50
43.7073909,7.1893314,50
43.7073385,7.1892978,50
43.7072736,7.1892683,50
43.7072162,7.189253,50
43.7071097,7.1892394,50
43.7068815,7.1892493,50
43.7066601,7.1893332,50
43.7053777,7.1900845,50
43.7051149,7.1901849,50
43.7049129,7.1902634,50
43.7048179,7.1902983,50
43.7046915,7.1903275,50
43.7043253,7.1903516,50
43.6692134,7.2016367,50
43.6692834,7.201901,50
43.6693745,7.2021993,50
43.669412,7.2023451,50
43.6694407,7.2025047,50
43.6694479,7.2026544,50
43.66944,7.2028059,50
43.6694105,7.2029728,50
43.6693734,7.2031052,50
43.6693168,7.2032389,50
43.6692407,7.2033633,50
43.6691582,7.2034571,50
43.6690555,7.20356,50
43.6689809,7.2036283,50
43.6686786,7.203894,50
43.6767935,7.1952262,70
43.6765603,7.1953373,70
43.6764519,7.1954073,70
43.6761717,7.1956081,70
43.67607,7.1956664,70
43.6759448,7.1957135,70
43.6757954,7.1957367,70
43.675669,7.1957366,70
43.6755281,7.1957217,70
43.674509,7.1961354,50
43.6746101,7.1960021,50
43.6747118,7.1959152,50
43.6748405,7.1958277,50
43.6749442,7.1957864,50
43.6750265,7.1957694,50
43.6750941,7.1957682,50
43.6751694,7.1957915,50
43.6752375,7.1958384,50
43.6752831,7.1959041,50
43.6753205,7.1959926,50
43.6753422,7.196084,50
43.6753504,7.1961899,50
43.6753444,7.1962846,50
43.6753114,7.1964098,50
43.6752717,7.1964943,50
43.675186,7.1966368,50
43.6749403,7.1969805,50
43.6748137,7.1971759,50
43.6746977,7.1973973,50
43.6752502,7.1973721,50
43.6751357,7.1972533,50
43.6749936,7.1971272,50
43.6747471,7.1969319,50
43.6752943,7.1982654,50
43.6752895,7.1983603,50
43.6752796,7.1984186,50
43.6752557,7.1984771,50
43.67523,7.1985303,50
43.6751763,7.1985955,50
43.6750926,7.1986654,50
43.6749839,7.1987244,50
43.6748811,7.198766,50
43.6748103,7.1987835,50
43.6747343,7.1987783,50
43.6746696,7.1987571,50
43.6746022,7.1987026,50
43.6745498,7.1986341,50
43.6745106,7.1985491,50
43.6744903,7.1984574,50
43.6744865,7.1983482,50
43.6745023,7.1982476,50
43.6745344,7.1981345,50
43.6745871,7.1980234,50
43.6746972,7.197834,50
43.6748564,7.1975913,50
43.674934,7.1974645,50
43.6752521,7.1969426,50
43.6744059,7.1970303,70
43.6744635,7.1970293,70
43.6745265,7.1970407,70
43.6746181,7.1970942,70
43.6764491,7.2006107,50
43.676437,7.2006911,50
43.6764307,7.2008047,50
43.6764263,7.2009036,50
43.6764048,7.2010111,50
43.6763734,7.2010907,50
43.6763124,7.2011684,50
43.6762507,7.2012135,50
43.6761629,7.2012409,50
43.6754834,7.2013891,50
43.6753339,7.2014151,50
43.6749342,7.2014932,50
43.674369,7.2015971,50
43.673765,7.2017331,50
43.679419,7.1999264,50
43.6790868,7.2000816,50
43.678663,7.2002924,50
43.6658945,7.2070896,50
43.6658945,7.2067255,50
43.6658592,7.2063491,50
43.6658597,7.2062507,50
43.6658677,7.2061545,50
43.6658927,7.2060468,50
43.6659337,7.2059158,50
43.6659822,7.2058139,50
43.6660153,7.2057471,50
43.6660748,7.2056723,50
43.6661448,7.205611,50
43.666206,7.2055654,50
43.67364,7.2019367,50
43.674062,7.201878,50
43.674393,7.2018234,50
43.6695391,7.2199149,50
43.6695563,7.2197329,50
43.6697254,7.218388,50
43.669736,7.2182999,50
43.6697487,7.2181671,50
43.6698331,7.2174798,50
43.6698386,7.2174353,50
43.669856,7.2172926,50
43.6717441,7.2023025,50
43.6716955,7.2023595,50
43.6716607,7.2024406,50
43.6716256,7.2025528,50
43.671617,7.2026243,50
43.731626,7.2777245,90
43.7316911,7.2780625,90
43.7317816,7.2784128,90
43.7318694,7.2787292,90
43.731993,7.2790764,90
43.7321465,7.2794584,90
43.7323023,7.2798536,90
43.7318953,7.2726889,90
43.7318949,7.2731159,90
43.7318796,7.2735789,90
43.731847,7.2740475,90
43.7317992,7.2744404,90
43.7317338,7.2749877,90
43.7316307,7.2757947,90
43.7315924,7.2763308,90
43.7315829,7.2767764,90
43.7315836,7.2772463,90
43.7315993,7.277527,90
43.731626,7.2777245,90
43.7323023,7.2798536,90
43.732416,7.2801485,90
43.7325625,7.2805576,90
43.7327329,7.281077,90
43.7329421,7.2818365,90
43.7330351,7.2822003,90
43.7331485,7.2826758,90
43.7332929,7.2833663,90
43.7333682,7.2837652,90
43.7333682,7.2837652,90
43.7333877,7.2838781,90
43.7334267,7.2841047,90
43.732551,7.2796861,90
43.7324292,7.2794035,90
43.7322889,7.2790627,90
43.7321741,7.2787728,90
43.7320931,7.2785283,90
43.7320334,7.2783247,90
43.7319707,7.2780611,90
43.731937,7.2778699,90
43.7319138,7.2776598,90
43.733651,7.2837595,90
43.7336127,7.2835105,90
43.7335278,7.2830175,90
43.7334481,7.2826163,90
43.7333413,7.2821549,90
43.7332131,7.2816633,90
43.7330796,7.2812029,90
43.7329581,7.2808122,90
43.7328197,7.2803933,90
43.732671,7.2799914,90
43.732551,7.2796861,90
43.7319138,7.2776598,90
43.7318911,7.2773554,90
43.7318762,7.2769652,90
43.7318782,7.2765827,90
43.7319016,7.2760879,90
43.7319793,7.2751027,90
43.7320078,7.2747285,90
43.7320697,7.2740389,90
43.7321145,7.2734518,90
43.7321232,7.2730327,90
43.7321209,7.2726746,90
43.7328133,7.285392,50
43.7329564,7.2853748,50
43.7330653,7.2853786,50
43.7331496,7.2853933,50
43.7332232,7.2854182,50
43.7332853,7.2854443,50
43.7333473,7.2854832,50
43.7333986,7.2855248,50
43.7334798,7.28561,50
43.7335479,7.2857004,50
43.733664,7.2859268,50
43.7342955,7.2879576,50
43.7343396,7.2881372,50
43.7343589,7.2882713,50
43.7343706,7.2883813,50
43.734373,7.2884685,50
43.7343667,7.2885463,50
43.7343551,7.28862,50
43.7343386,7.2886723,50
43.7343116,7.2887367,50
43.7342766,7.288793,50
43.7342397,7.2888381,50
43.7342058,7.2888688,50
43.7341695,7.2888929,50
43.7341424,7.2889077,50
43.7341084,7.28892,50
43.7340668,7.2889285,50
43.7340207,7.2889265,50
43.733979,7.2889186,50
43.7339369,7.2889043,50
43.7338943,7.2888809,50
43.7338588,7.2888527,50
43.7338274,7.2888212,50
43.7337969,7.288783,50
43.7337669,7.288734,50
43.7337449,7.288687,50
43.7337296,7.2886428,50
43.7337126,7.2885751,50
43.7337016,7.2885102,50
43.7336956,7.2884584,50
43.7336913,7.2884021,50
43.7336908,7.2883075,50
43.7336968,7.2881924,50
43.7337111,7.2879783,50
43.7337141,7.2879439,50
43.7337249,7.2878183,50
43.733744,7.2876075,50
43.7337608,7.2873931,50
43.733776,7.286992,50
43.7335951,7.2853348,70
43.7335529,7.2862337,70
43.7335411,7.2863784,70
43.7335236,7.2865125,70
43.7335122,7.2865851,70
43.73349,7.2867162,70
43.7327566,7.2851606,50
43.7327499,7.2851513,50
43.7327363,7.2851258,50
43.7327227,7.2850971,50
43.732713,7.285056,50
43.7327099,7.2850255,50
43.7327101,7.2849836,50
43.7327153,7.2849522,50
43.7327227,7.2849199,50
43.732733,7.2848879,50
43.7327523,7.2848549,50
43.7327721,7.2848259,50
43.7328431,7.2847443,50
43.738005,7.3234652,110
43.7390514,7.3249779,110
43.7398553,7.3261369,110
43.7085995,7.1933967,90
43.7083752,7.1927342,90
43.7082279,7.1923225,90
43.708091,7.1919513,90
43.7079301,7.1915955,90
43.7077883,7.1913156,90
43.7076531,7.191083,90
43.707479,7.1908055,90
43.7072306,7.1904827,90
43.7069645,7.1901722,90
43.7067217,7.1898986,90
43.7065844,7.1897522,90
43.6715851,7.2028831,50
43.6715074,7.2034671,50
43.6655349,7.2084886,50
43.6654625,7.2084964,50
43.6654225,7.2085026,50
43.6652257,7.2085433,50
43.6651592,7.2085595,50
43.6651432,7.2085699,50
43.6651334,7.208583,50
43.6651281,7.2086017,50
43.6666733,7.2081647,50
43.6665703,7.2082082,50
43.666509,7.2082361,50
43.6663186,7.2083072,50
43.6655349,7.2084886,50
43.6655184,7.2084526,50
43.6655019,7.208419,50
43.6654839,7.2083819,50
43.6654677,7.2083318,50
43.6654452,7.2082185,50
43.6967123,7.1921269,30
43.6966917,7.1920106,30
43.6966279,7.1916345,30
43.6966304,7.1915756,30
43.6966473,7.1915172,30
43.6966783,7.1914521,30
43.6967165,7.191404,30
43.6967637,7.1913717,30
43.6968638,7.1913386,30
43.6970711,7.1912652,30
43.7081379,7.2598053,50
43.7082034,7.2597825,50
43.7086621,7.2598501,50
43.7086981,7.2598569,50
43.7087289,7.2598629,50
43.7088731,7.2598893,50
43.7090543,7.2599076,50
43.7091292,7.259912,50
43.7095089,7.2599468,50
43.7096344,7.2599567,50
43.7080646,7.2569624,30
43.7081329,7.2569663,30
43.7084745,7.2569858,30
43.7086343,7.2569942,30
43.7089619,7.2570113,30
43.7090968,7.2570138,30
43.7081379,7.2598053,50
43.7080648,7.2598472,50
43.7071664,7.2597815,50
43.7070906,7.2597762,50
43.7070241,7.2597715,50
43.7064651,7.2597342,50
43.7061844,7.2597105,50
43.7061389,7.2597059,50
43.7061043,7.2597048,50
43.7074856,7.2635398,50
43.7075252,7.2635926,50
43.707551,7.263627,50
43.7075877,7.2636733,50
43.7076168,7.2637308,50
43.7078147,7.2641224,50
43.7079555,7.2644155,50
43.7081629,7.2648788,50
43.7082013,7.2649642,50
43.7198266,7.2623826,50
43.7198132,7.262507,50
43.7198056,7.2625731,50
43.719785,7.2627561,50
43.7197763,7.2628427,50
43.7083281,7.2674708,50
43.7081556,7.2671159,50
43.7080998,7.2669967,50
43.7075809,7.2659795,50
43.7075339,7.2658882,50
43.7074806,7.2657847,50
43.7071625,7.2651539,50
43.707147,7.2651253,50
43.707128,7.26509,50
43.7069688,7.264753,50
43.7067753,7.2643403,50
43.7067668,7.2643221,50
43.7067564,7.2643024,50
43.7066917,7.2642369,50
43.7066478,7.2641987,50
43.7065999,7.2641762,50
43.7065534,7.2641575,50
43.7061007,7.2657156,50
43.7060524,7.2657468,50
43.7055639,7.266054,50
43.7051275,7.2663476,50
43.7050696,7.2663866,50
43.7035854,7.2504196,30
43.7035333,7.2503932,30
43.7035022,7.2503679,30
43.7034813,7.2503383,30
43.7033287,7.2500137,30
43.7032851,7.2499694,30
43.7032451,7.249944,30
43.703193,7.2499305,30
43.7031409,7.2499293,30
43.7030873,7.2499385,30
43.7030289,7.2499641,30
43.7029967,7.2499942,30
43.7029643,7.2500423,30
43.702939,7.2500921,30
43.7029224,7.250153,30
43.7028914,7.2504,30
43.7028675,7.2506124,30
43.702801,7.2512031,30
43.6641945,7.1999806,70
43.6644384,7.2006275,70
43.6647218,7.2013943,70
43.6642834,7.1999711,70
43.6632686,7.1973619,70
43.6884987,7.3330293,30
43.6885416,7.3330013,30
43.6889014,7.3326746,30
43.6889764,7.3326065,30
43.6890768,7.3325093,30
43.6891692,7.3324545,30
43.6893556,7.3323911,30
43.6894521,7.3323586,30
43.6895808,7.332337,30
43.6896692,7.3323318,30
43.6897226,7.3323084,30
43.6899091,7.332126,30
43.6900281,7.3320563,30
43.6900932,7.3320381,30
43.6904302,7.331992,30
43.6906201,7.3319686,30
43.6910172,7.3319311,30
43.691448,7.3319405,30
43.6916176,7.3319442,30
43.6920401,7.3319551,30
43.6891826,7.3337746,30
43.689222,7.3337515,30
43.6892562,7.3337255,30
43.6892777,7.3337092,30
43.6893325,7.3336445,30
43.6894787,7.3334155,30
43.6895713,7.3333155,30
43.6896256,7.3332823,30
43.6896961,7.3332597,30
43.6897564,7.3332527,30
43.6898139,7.333246,30
43.6899285,7.3332159,30
43.6900137,7.3331815,30
43.6900671,7.3331615,30
43.6921935,7.3289369,50
43.6921721,7.3289,50
43.6921622,7.3288784,50
43.692144,7.3288659,50
43.6921229,7.3288624,50
43.6661626,7.2047323,70
43.6663116,7.205163,70
43.763925,7.2050893,70
43.7631118,7.2042335,70
43.7629284,7.2040182,70
43.7641175,7.2052825,70
43.763925,7.2050893,70
43.8775202,7.1924462,70
43.8775736,7.1923802,70
43.8776514,7.1922803,70
43.8777705,7.1921279,70
43.8778895,7.1919569,70
43.8780086,7.1917792,70
43.8872527,7.1892543,30
43.8872212,7.1893217,30
43.8871949,7.1893878,30
43.8871721,7.1894555,30
43.8871486,7.1895421,30
43.8871315,7.1896077,30
43.8871153,7.1896574,30
43.8548583,7.1978172,50
43.8548935,7.1977948,50
43.8549275,7.1977706,50
43.8549913,7.1977195,50
43.8550454,7.1976683,50
43.8551095,7.197601,50
43.8551857,7.1975168,50
43.8553474,7.1973483,50
43.8553659,7.197329,50
43.8554727,7.1972184,50
43.8555444,7.1971456,50
43.8556038,7.1970994,50
43.8556354,7.1970772,50
43.8556754,7.1970549,50
43.8557441,7.1970198,50
43.8558238,7.1969796,50
43.8558784,7.1969509,50
43.8559659,7.196905,50
43.8559901,7.1968922,50
43.8560282,7.1968722,50
43.8561127,7.1968324,50
43.8561424,7.1968228,50
43.8561807,7.1968132,50
43.8562202,7.1968057,50
43.8562595,7.196804,50
43.8562945,7.1968032,50
43.856334,7.1968083,50
43.8564274,7.1968284,50
43.8565282,7.1968485,50
43.8566319,7.1968689,50
43.8566585,7.1968739,50
43.8568593,7.1969116,50
43.8569504,7.1969296,50
43.8569836,7.1969341,50
43.8570167,7.1969369,50
43.857069,7.1969391,50
43.857115,7.1969363,50
43.8571507,7.1969318,50
43.8572311,7.1969186,50
43.8572761,7.1969093,50
43.8574956,7.1968713,50
43.8576438,7.1968469,50
43.8577095,7.1968373,50
43.8577684,7.1968313,50
43.857834,7.1968313,50
43.8579095,7.1968444,50
43.8579507,7.1968543,50
43.8580096,7.1968769,50
43.858082,7.1969195,50
43.8581672,7.1969765,50
43.8583592,7.1971189,50
43.8584772,7.1972088,50
43.8780086,7.1917792,70
43.8781123,7.1915879,70
43.8601705,7.1978745,90
43.8600318,7.1977689,90
43.8593273,7.1971949,90
43.8589766,7.1968898,90
43.8586565,7.1966203,90
43.8584389,7.1964432,90
43.8582852,7.1963292,90
43.8581309,7.1962312,90
43.857956,7.1961395,90
43.8577582,7.1960543,90
43.8575817,7.1959978,90
43.857439,7.1959712,90
43.857322,7.1959564,90
43.8571591,7.1959447,90
43.8569468,7.1959484,90
43.8567815,7.1959658,90
43.8566181,7.1960037,90
43.8564478,7.196053,90
43.8563069,7.1961069,90
43.8560813,7.1962246,90
43.8559382,7.1963091,90
43.8557658,7.1964459,90
43.8555369,7.1966484,90
43.8552967,7.1968778,90
43.8549131,7.1972197,90
43.8547381,7.1973525,90
43.8545371,7.1974929,90
43.8543222,7.1976046,90
43.8541272,7.1976923,90
43.8538966,7.1977917,90
43.853663,7.1978869,90
43.8535578,7.1979212,90
43.8534983,7.1979405,90
43.8534418,7.1979555,90
43.8533533,7.1979715,90
43.8532922,7.1979784,90
43.8532326,7.1979811,90
43.8531917,7.1979828,90
43.8531539,7.1979824,90
43.8531059,7.1979785,90
43.8529977,7.1979641,90
43.8528415,7.1979338,90
43.8526951,7.1979035,90
43.8525254,7.1978783,90
43.8524441,7.1978688,90
43.8523433,7.1978628,90
43.8522706,7.1978588,90
43.8521737,7.1978542,90
43.8520271,7.197861,90
43.8518859,7.1978692,90
43.8517196,7.1978882,90
43.8514128,7.1979259,90
43.8513154,7.1979354,90
43.8512229,7.1979432,90
43.8511012,7.1979469,90
43.8509549,7.1979365,90
43.8508812,7.1979313,90
43.8507977,7.197921,90
43.8506808,7.1978981,90
43.8505183,7.1978635,90
43.8500378,7.1977437,90
43.848958,7.1974772,90
43.8378363,7.1939968,80
43.8382956,7.1915304,80
43.7313308,7.2914409,50
43.7312673,7.2913825,50
43.7312222,7.2913359,50
43.7311658,7.2912639,50
43.7311183,7.2911901,50
43.7310846,7.2911271,50
43.7310619,7.2910786,50
43.7310349,7.2910093,50
43.7307251,7.2875226,50
43.7307209,7.2874374,50
43.7307222,7.28734,50
43.7305041,7.2848518,50
43.7304898,7.2847744,50
43.73047,7.2846909,50
43.7304186,7.2844968,50
43.7303313,7.2843048,50
43.7302666,7.2842085,50
43.7301987,7.2841292,50
43.730108,7.2840502,50
43.7300248,7.2839932,50
43.7299251,7.2839513,50
43.7298031,7.2839076,50
43.7297069,7.2838956,50
43.7296065,7.2838876,50
43.7292079,7.2838685,50
43.7290374,7.2838622,50
43.7289795,7.2838607,50
43.7288265,7.2839161,50
43.7167575,7.2826681,50
43.716907,7.2826906,50
43.7171404,7.2827481,50
43.7173162,7.2828138,50
43.7175228,7.2829471,50
43.7175387,7.2829574,50
43.7177498,7.2831294,50
43.7179803,7.2834009,50
43.7188278,7.2846446,50
43.7192183,7.2851977,50
43.7194192,7.2854023,50
43.7306007,7.2845535,70
43.7310996,7.2856792,70
43.7313779,7.2863853,70
43.7315079,7.2867428,70
43.7316477,7.2871517,70
43.7322023,7.2887497,70
43.7325471,7.2897292,70
43.7326194,7.2899426,70
43.7333801,7.2847992,50
43.7332949,7.2847898,50
43.733223,7.2847794,50
43.7329979,7.2847552,50
43.7328431,7.2847443,50
43.7320464,7.2852296,50
43.7319943,7.2852185,50
43.7319334,7.285219,50
43.7318668,7.2852206,50
43.7317932,7.2852305,50
43.7317348,7.2852425,50
43.731678,7.2852667,50
43.731016,7.2858108,50
43.7309566,7.285844,50
43.7308795,7.2858708,50
43.7307565,7.2859056,50
43.7307114,7.2859177,50
43.730636,7.2859329,50
43.7306244,7.2864058,50
43.7306853,7.2865634,50
43.7307168,7.2866399,50
43.7307441,7.2866744,50
43.731678,7.2852667,50
43.7313284,7.285551,50
43.731532,7.286517,50
43.7320156,7.2861753,50
43.7320818,7.2861181,50
43.7321486,7.2860505,50
43.7322014,7.2859896,50
43.7322757,7.2858819,50
43.7323188,7.2857813,50
43.7319099,7.2845515,50
43.7319623,7.2846289,50
43.7320049,7.2847098,50
43.7320518,7.2847927,50
43.7323188,7.2857813,50
43.7322661,7.2857406,50
43.7322397,7.2856991,50
43.7322151,7.2856511,50
43.7321605,7.2855216,50
43.7323188,7.2857813,50
43.7322416,7.2853098,50
43.7322416,7.2853098,50
43.7322321,7.2852092,50
43.7322307,7.2851735,50
43.732231,7.2851305,50
43.7409799,7.3109518,50
43.7407431,7.3109528,50
43.7406923,7.3109505,50
43.7405563,7.3109342,50
43.7313179,7.2914882,50
43.7315833,7.2916805,50
43.7317828,7.2918068,50
43.731867,7.2918652,50
43.7319572,7.2919375,50
43.7320485,7.2920118,50
43.7321774,7.292123,50
43.7322671,7.2922055,50
43.7323504,7.2922894,50
43.7323951,7.2923527,50
43.7324352,7.2924279,50
43.7324706,7.2925288,50
43.7324942,7.2926174,50
43.7325121,7.2927296,50
43.732516,7.2928633,50
43.7325125,7.2929662,50
43.7324931,7.2931866,50
43.7324793,7.2933288,50
43.7324372,7.2939932,50
43.7326886,7.2941806,90
43.7326878,7.2939371,90
43.7326902,7.2938404,90
43.7326945,7.2936697,90
43.7327185,7.2931877,90
43.7327394,7.2928784,90
43.7326898,7.2975812,50
43.7327548,7.2973002,50
43.7327889,7.2970808,50
43.7328139,7.2966982,50
43.7328367,7.2961379,50
43.7328381,7.2958526,50
43.7328372,7.2955562,50
43.7328309,7.2952324,50
43.7328169,7.2949488,50
43.7327958,7.2945734,50
43.7327883,7.294249,50
43.7327881,7.2940271,50
43.7327955,7.293803,50
43.7328118,7.2934627,50
43.7328305,7.2931484,50
43.732831,7.2929686,50
43.7328259,7.2928819,50
43.7328161,7.2927951,50
43.7327925,7.2926739,50
43.7327486,7.2925513,50
43.7327093,7.2924607,50
43.7326687,7.2924019,50
43.732621,7.2923348,50
43.7325749,7.2922878,50
43.7325012,7.2922183,50
43.7321284,7.2919483,50
43.7318416,7.2917876,50
43.7315933,7.2916354,50
43.731469,7.2915482,50
43.7313308,7.2914409,50
43.7409662,7.3111225,30
43.7409811,7.3111668,30
43.7410031,7.3112039,30
43.7410409,7.3112435,30
43.7410843,7.3112774,30
43.7411366,7.3112941,30
43.7411736,7.3109376,50
43.7411521,7.310825,50
43.7411349,7.3107384,50
43.7415759,7.3101375,30
43.7422918,7.3101555,30
43.7436523,7.3102239,30
43.7437593,7.3102335,30
43.7437955,7.31024,30
43.7438352,7.3102641,30
43.7438633,7.3102923,30
43.7438894,7.3103353,30
43.7439064,7.3103869,30
43.7439185,7.3104478,30
43.7439195,7.3105176,30
43.7439099,7.3105951,30
43.743902,7.3106302,30
43.7437296,7.3113839,30
43.7436999,7.3115286,30
43.7436739,7.3116442,30
43.7436191,7.3118875,30
43.7410308,7.3098184,70
43.7410138,7.3098987,70
43.7410099,7.3099972,70
43.7409934,7.3100958,70
43.7409531,7.3101648,70
43.7409145,7.3101991,70
43.7408664,7.3102197,70
43.7408273,7.3102199,70
43.7407813,7.3102154,70
43.7405563,7.3109342,50
43.7406378,7.3110004,50
43.7407551,7.3110553,50
43.7408156,7.3110785,50
43.7409229,7.3111087,50
43.7409662,7.3111225,50
43.7410874,7.309348,50
43.741084,7.309132,50
43.7410591,7.3089211,50
43.7410591,7.3089211,50
43.74118,7.3089942,50
43.7413623,7.3090062,50
43.741442,7.3090075,50
43.7415128,7.3090062,50
43.7415755,7.3090014,50
43.7416402,7.3089867,50
43.7416896,7.308972,50
43.7417443,7.3089492,50
43.7418125,7.3089171,50
43.7420465,7.3087743,50
43.7422123,7.3086736,50
43.7422562,7.3086514,50
43.7422976,7.3086414,50
43.7423237,7.3086434,50
43.742348,7.3086494,50
43.742377,7.3086622,50
43.7424164,7.3086863,50
43.7424924,7.3087437,50
43.7425401,7.3087809,50
43.742579,7.308809,50
43.7426037,7.3088177,50
43.7426256,7.3088234,50
43.7426517,7.3088224,50
43.7426735,7.3088197,50
43.7426958,7.3088036,50
43.7427142,7.3087758,50
43.7427336,7.3087272,50
43.742744,7.3086814,50
43.7427457,7.3086306,50
43.7427429,7.3085842,50
43.7427303,7.3085286,50
43.7427128,7.308474,50
43.7463136,7.3142954,70
43.7462999,7.3142485,70
43.7462844,7.3141828,70
43.7460626,7.3129758,70
43.7459642,7.3124515,70
43.745916,7.3121974,70
43.7458804,7.312023,70
43.7458354,7.3118426,70
43.7458005,7.311734,70
43.7457395,7.311563,70
43.745662,7.3113843,70
43.745505,7.3110782,70
43.745417,7.3108647,70
43.7464561,7.3149164,80
43.7465447,7.3149652,80
43.7466366,7.3150391,80
43.7467174,7.3151126,80
43.7468139,7.3152128,80
43.746888,7.315302,80
43.7470236,7.3154931,80
43.7471307,7.3156716,80
43.7464561,7.3149164,80
43.7465809,7.3149016,80
43.7466221,7.3148929,80
43.7466672,7.3148761,80
43.7467279,7.3148557,80
43.7467279,7.3148557,80
43.7469069,7.3147843,80
43.7469588,7.3147555,80
43.7469907,7.3147327,80
43.7470193,7.3147092,80
43.7470355,7.3146819,80
43.7470444,7.3146515,80
43.7470464,7.3146126,80
43.7470397,7.3145637,80
43.7470198,7.3145265,80
43.7469926,7.3144973,80
43.7469408,7.3144477,80
43.7468851,7.3143934,80
43.7468507,7.3143511,80
43.7468289,7.3143192,80
43.7468115,7.3142868,80
43.746795,7.3142526,80
43.7467732,7.3141922,80
43.7467595,7.3141417,80
43.7467388,7.3140487,80
43.7466704,7.3137098,80
43.7466358,7.3135507,80
43.746624,7.3134888,80
43.7466177,7.3134459,80
43.7466201,7.3134164,80
43.7466298,7.3133903,80
43.7466434,7.3133721,80
43.7466594,7.3133647,80
43.7466792,7.3133641,80
43.7467044,7.3133697,80
43.7467185,7.3133822,80
43.7467281,7.3133989,80
43.7467364,7.3134231,80
43.7467487,7.3134694,80
43.7467785,7.3135874,80
43.74681,7.3137087,80
43.7468372,7.3137848,80
43.7468555,7.3138341,80
43.7468812,7.3138784,80
43.7469093,7.3139159,80
43.7469331,7.3139441,80
43.7469655,7.3139709,80
43.7469994,7.3139931,80
43.7470495,7.31401,80
43.7471178,7.3140235,80
43.7471777,7.314036,80
43.7472541,7.3140787,80
43.7474296,7.3142955,80
43.7475449,7.3146032,80
43.7476031,7.3148997,80
43.7476388,7.3149707,80
43.7476883,7.3149813,80
43.7477289,7.3149379,80
43.7477425,7.3148625,80
43.7477304,7.3146637,80
43.7477443,7.3142861,80
43.7477189,7.314159,80
43.7476611,7.3140163,80
43.7475594,7.3138443,80
43.7474778,7.3135916,80
43.7474017,7.3134155,80
43.7473117,7.3132631,80
43.7472282,7.3131462,80
43.747165,7.3130731,80
43.7471237,7.312999,80
43.747096,7.3128868,80
43.7470866,7.3127572,80
43.7470967,7.3126056,80
43.7471624,7.3123805,80
43.7472687,7.3122036,80
43.7475592,7.3118336,80
43.7476624,7.3117166,80
43.7477374,7.3115649,80
43.7478351,7.3113516,80
43.7479423,7.3111428,80
43.7481054,7.310863,80
43.7482903,7.3106162,80
43.7486683,7.3101966,80
43.7489689,7.3098678,80
43.7490318,7.3098288,80
43.7490777,7.3098288,80
43.7490975,7.3098678,80
43.7490965,7.309912,80
43.7490721,7.3099666,80
43.7489417,7.3101173,80
43.7488844,7.3102095,80
43.7488262,7.3103161,80
43.7487295,7.3105564,80
43.7485628,7.3109694,80
43.7484912,7.3112211,80
43.7484495,7.3114274,80
43.7484216,7.3116853,80
43.7484032,7.3119874,80
43.7483911,7.31208,80
43.748371,7.312174,80
43.7483616,7.3122496,80
43.748371,7.3123117,80
43.7483906,7.3123294,80
43.7484159,7.3123364,80
43.7484461,7.3123195,80
43.7484715,7.3122805,80
43.7484919,7.3121985,80
43.7485543,7.3119472,80
43.7486272,7.3116907,80
43.7486848,7.3115343,80
43.7487374,7.3114362,80
43.7487896,7.3113658,80
43.748875,7.3113074,80
43.748969,7.3112726,80
43.7490646,7.3112567,80
43.7492233,7.3112205,80
43.7493478,7.3111694,80
43.7497094,7.3109696,80
43.7498699,7.3109072,80
43.7499978,7.3108837,80
43.7503748,7.3108526,80
43.7505644,7.3108293,80
43.7508366,7.3107669,80
43.7510636,7.3107005,80
43.7511424,7.3106765,80
43.751201,7.3106517,80
43.7513041,7.3105791,80
43.7513555,7.3105357,80
43.7513896,7.3104859,80
43.7514098,7.310423,80
43.7514139,7.3103655,80
43.7514082,7.3102922,80
43.7512428,7.309825,80
43.751231,7.3097672,80
43.7512277,7.3096992,80
43.7512436,7.3096291,80
43.7512691,7.3095712,80
43.7513032,7.3095292,80
43.7513477,7.3094942,80
43.7515218,7.309377,80
43.7104627,7.1876607,70
43.7101869,7.1877008,70
43.7029018,7.189279,70
43.7030071,7.1891525,70
43.7030597,7.1891056,70
43.7031242,7.1890698,70
43.70319,7.1890584,70
43.7036167,7.1891352,70
43.7101957,7.1878176,70
43.7104648,7.1877803,70
43.8871153,7.1896574,30
43.887132,7.1897029,30
43.8871374,7.1897178,30
43.8871457,7.1897408,30
43.8871575,7.1897605,30
43.887173,7.1897763,30
43.8871994,7.1897849,30
43.8872259,7.1897886,30
43.887261,7.1897805,30
43.8873788,7.1897315,30
43.8875067,7.1896801,30
43.8876231,7.1896468,30
43.8896865,7.1887323,90
43.8901666,7.1890209,90
43.8907019,7.1892652,90
43.8907019,7.1892652,90
43.8909154,7.1893603,90
43.890999,7.1893879,90
43.8910689,7.1894042,90
43.8911358,7.1894137,90
43.8912029,7.1894275,90
43.8912748,7.1894362,90
43.8913721,7.1894337,90
43.8915099,7.1894169,90
43.8915948,7.1893959,90
43.8916604,7.1893723,90
43.8917452,7.1893384,90
43.8917975,7.1893102,90
43.8918556,7.1892765,90
43.8919274,7.189228,90
43.8921193,7.1890832,90
43.8922658,7.1889839,90
43.8923989,7.1888967,90
43.8924972,7.1888322,90
43.8925723,7.1887859,90
43.8926397,7.1887502,90
43.8927803,7.1886924,90
43.8928296,7.1886798,90
43.8928694,7.1886725,90
43.8929216,7.1886652,90
43.8929875,7.1886579,90
43.8930518,7.188658,90
43.8931085,7.1886633,90
43.8931772,7.1886707,90
43.8932401,7.1886835,90
43.8933067,7.1886991,90
43.893355,7.1887104,90
43.8934641,7.1887401,90
43.8936099,7.1887792,90
43.8938551,7.188836,90
43.8939487,7.1888615,90
43.8940404,7.1888948,90
43.8941149,7.1889293,90
43.8942063,7.1889787,90
43.8943315,7.1890733,90
43.8944229,7.1891605,90
43.8944964,7.1892416,90
43.8945729,7.1893354,90
43.8947228,7.1895783,90
43.8948795,7.1898514,90
43.8950599,7.1901552,90
43.8951511,7.190303,90
43.895225,7.1904056,90
43.8952975,7.1904975,90
43.8953743,7.1905737,90
43.8954619,7.1906498,90
43.8956893,7.190818,90
43.8958975,7.1909675,90
43.8960988,7.191099,90
43.8962339,7.1911582,90
43.8963797,7.1912038,90
43.8964395,7.1912181,90
43.896504,7.1912259,90
43.8965643,7.1912288,90
43.8966339,7.1912274,90
43.8967089,7.1912206,90
43.8968076,7.1912011,90
43.8968686,7.1911848,90
43.8969358,7.191162,90
43.8969998,7.191135,90
43.8970854,7.1910953,90
43.8971544,7.1910491,90
43.8972234,7.1909987,90
43.8972714,7.1909578,90
43.8973239,7.1909085,90
43.8974036,7.1908275,90
43.8974803,7.1907464,90
43.8975654,7.1906335,90
43.8976068,7.190576,90
43.8976482,7.190512,90
43.8942548,7.1886938,90
43.8940658,7.1886516,90
43.893697,7.1885598,90
43.8934469,7.1885039,90
43.8931796,7.1884494,90
43.8930826,7.1884409,90
43.8930043,7.1884422,90
43.8929282,7.1884487,90
43.8928332,7.1884704,90
43.8927385,7.1885025,90
43.8926457,7.1885388,90
43.892533,7.1885938,90
43.8924223,7.1886533,90
43.8920253,7.188917,90
43.8918542,7.1890256,90
43.8917179,7.1890967,90
43.8916203,7.1891372,90
43.8915372,7.1891664,90
43.891457,7.1891879,90
43.8913592,7.1892066,90
43.891283,7.1892093,90
43.8912047,7.1892066,90
43.8911091,7.1891959,90
43.8910249,7.1891741,90
43.8909448,7.1891396,90
43.8908462,7.1890926,90
43.8907061,7.1890156,90
43.890205,7.1887044,90
43.9109823,7.1849933,70
43.9107872,7.1852209,70
43.9103535,7.1858225,70
43.9103099,7.1858874,70
43.9102742,7.1859156,70
43.9102316,7.1859397,70
43.9101659,7.1859668,70
43.9237945,7.1864031,80
43.9235329,7.1863651,80
43.923419,7.1863296,80
43.9231804,7.1861748,80
43.9228751,7.1859633,80
43.9227863,7.1859129,80
43.9227001,7.1858787,80
43.9226061,7.1858742,80
43.9224907,7.185903,80
43.922381,7.185949,80
43.922252,7.1860039,80
43.9221632,7.1860453,80
43.9219538,7.186147,80
43.9217166,7.1862874,80
43.9212777,7.1865646,80
43.9211889,7.1866447,80
43.9211195,7.1867338,80
43.9210657,7.1868589,80
43.9208881,7.1873836,80
43.9208233,7.1875582,80
43.9207403,7.1876941,80
43.9206275,7.1878228,80
43.9204771,7.1879209,80
43.9203163,7.1879839,80
43.9201146,7.1880262,80
43.9197196,7.1880722,80
43.9195653,7.188127,80
43.9194702,7.1882042,80
43.9193634,7.1883313,80
43.9190502,7.1888694,80
43.9187042,7.1893643,80
43.9186362,7.1894467,80
43.9185942,7.1894909,80
43.9185381,7.1895232,80
43.9184812,7.1895432,80
43.9184205,7.1895471,80
43.9182462,7.1895433,80
43.9177105,7.1895534,80
43.9175857,7.1895305,80
43.9175171,7.1895124,80
43.9173918,7.1894645,80
43.9169556,7.1892075,80
43.9167534,7.1890771,80
43.9166336,7.1889786,80
43.9165281,7.1888828,80
43.6670342,7.208845,50
43.6669478,7.2085334,50
43.6669204,7.2084361,50
43.6669171,7.2083761,50
43.6730101,7.2196178,30
43.6729831,7.219066,30
43.6729736,7.2187723,30
43.6729683,7.2186309,30
43.6729488,7.21845,30
43.6729024,7.2182856,30
43.6728433,7.2181738,30
43.6727561,7.2180951,30
43.6726405,7.2180575,30
43.6725604,7.2180625,30
43.6724922,7.2180858,30
43.6724005,7.2181388,30
43.6723276,7.2182167,30
43.6722827,7.218294,30
43.6722445,7.2184054,30
43.6721766,7.2186529,30
43.672134,7.2187095,30
43.6720939,7.2187386,30
43.6720454,7.2187401,30
43.6720021,7.2187245,30
43.6992932,7.2495439,70
43.6991648,7.2493419,70
43.6990266,7.2491245,70
43.6989215,7.2489799,70
43.6986742,7.2486911,70
43.6985153,7.2485378,70
43.6982876,7.2483303,70
43.6981415,7.2481959,70
43.6978839,7.2479967,70
43.6733477,7.2207314,50
43.6731563,7.2202874,50
43.6730318,7.2198011,50
43.6730101,7.2196178,50
43.6986497,7.2818161,50
43.6986787,7.2818924,50
43.6987394,7.2820566,50
43.6987472,7.282107,50
43.6986829,7.2827158,50
43.6986426,7.2830969,50
43.6945376,7.2865769,50
43.6944891,7.2866323,50
43.6944526,7.2866955,50
43.694416,7.2867648,50
43.6943961,7.2868155,50
43.6943517,7.2869798,50
43.6942612,7.2874137,50
43.6941949,7.2877333,50
43.6941544,7.2879287,50
43.6941085,7.2881406,50
43.6940228,7.2885308,50
43.6939864,7.288706,50
43.6939704,7.2887829,50
43.6939518,7.2888728,50
43.6939171,7.2890398,50
43.6938746,7.289201,50
43.6938558,7.2892537,50
43.6937783,7.2894832,50
43.6923256,7.2908332,30
43.6923513,7.2908945,30
43.6923701,7.2909402,30
43.6923866,7.2909747,30
43.6925028,7.2912179,30
43.6926,7.2914274,30
43.6926303,7.2914892,30
43.6926651,7.2915499,30
43.6927018,7.2916025,30
43.6927543,7.2916612,30
43.6928404,7.2917609,30
43.6929275,7.2918508,30
43.692946,7.2918689,30
43.6929626,7.2918821,30
43.6929987,7.2919016,30
43.6949333,7.2896385,30
43.6948843,7.289619,30
43.6946252,7.2895923,30
43.6945704,7.2896178,30
43.6945365,7.2896563,30
43.7180987,7.2944204,50
43.718174,7.2944215,50
43.718226,7.2944139,50
43.718307,7.2943943,50
43.7183849,7.2943637,50
43.7185612,7.294266,50
43.7186665,7.2942057,50
43.7189981,7.2940274,50
43.7191263,7.293977,50
43.7192198,7.2939461,50
43.7193111,7.2939228,50
43.7193952,7.2939126,50
43.7194943,7.293906,50
43.719775,7.2939063,50
43.7202838,7.293892,50
43.7203666,7.2938772,50
43.7204446,7.2938539,50
43.7205217,7.2938249,50
43.7206043,7.2937879,50
43.720701,7.2937424,50
43.720805,7.2936862,50
43.7211579,7.2935173,50
43.7213068,7.293444,50
43.7218761,7.2931727,50
43.7223288,7.2929523,50
43.7224281,7.2928964,50
43.7224921,7.2928505,50
43.722541,7.2927969,50
43.7225861,7.2927261,50
43.7133244,7.2898947,30
43.7133865,7.2900205,30
43.7135771,7.2904681,30
43.713616,7.290657,30
43.7136116,7.2908247,30
43.7136081,7.290957,30
43.7125007,7.2886722,30
43.7124902,7.288808,30
43.712412,7.2898147,30
43.7123797,7.2902309,30
43.7221916,7.2605721,30
43.7222038,7.2606284,30
43.7222401,7.2607224,30
43.7223767,7.2609192,30
43.7127623,7.2927228,50
43.712656,7.2927207,50
43.7124284,7.2927164,50
43.712284,7.2927112,50
43.7121908,7.2927079,50
43.7121025,7.2926996,50
43.7114647,7.2926911,50
43.7113731,7.2926927,50
43.7113097,7.2926992,50
43.7110802,7.292697,50
43.7109891,7.2927024,50
43.7108929,7.2927041,50
43.7103694,7.2926963,50
43.710302,7.2926945,50
43.7100746,7.2926896,50
43.7098548,7.2926845,50
43.7096604,7.2926855,50
43.7094228,7.2926872,50
43.7093647,7.2926869,50
43.7093617,7.2926869,50
43.7092374,7.2926875,50
43.7090588,7.2926921,50
43.7085096,7.2927171,50
43.7084546,7.2927196,50
43.7084069,7.2927385,50
43.7083051,7.2927919,50
43.8748311,7.0092509,50
43.8748045,7.0091775,50
43.8747879,7.0090262,50
43.8747744,7.008907,50
43.8747634,7.0088038,50
43.8746888,7.0085462,50
43.8744943,7.0080933,50
43.8742934,7.0076213,50
43.8741637,7.007321,50
43.8739017,7.0068262,50
43.8738282,7.0066872,50
43.8737693,7.0066399,50
43.8736413,7.0065779,50
43.8735294,7.0065257,50
43.8734407,7.0064601,50
43.8733391,7.006302,50
43.8732999,7.0062415,50
43.873242,7.0061794,50
43.8731533,7.0061223,50
43.8730549,7.006104,50
43.8748311,7.0092509,50
43.874856,7.0092079,50
43.8748899,7.0091305,50
43.8749038,7.0090473,50
43.8748958,7.0089804,50
43.8748829,7.0089093,50
43.8748033,7.0085713,50
43.8747708,7.008461,50
43.8745935,7.0079153,50
43.8744834,7.0075758,50
43.7202259,7.2629576,30
43.7202421,7.2629298,30
43.7202533,7.2628896,30
43.7202949,7.2624846,30
43.7203005,7.2624464,30
43.7203099,7.2623997,30
43.720387,7.2622425,30
43.7203875,7.2622274,30
43.7641904,7.2049074,50
43.7657297,7.2020889,50
43.6688161,7.1992705,90
43.6679348,7.1963753,90
43.6678088,7.1964163,90
43.6685567,7.1989044,90
43.7071083,7.2600496,30
43.7067113,7.2600072,30
43.7057047,7.2583402,50
43.7056907,7.2582303,50
43.7056891,7.2581164,50
43.7056853,7.2580666,50
43.7056791,7.258029,50
43.7056705,7.2579982,50
43.7056529,7.2579496,50
43.705628,7.2579035,50
43.7056012,7.2578665,50
43.7055373,7.2578008,50
43.70575,7.2596854,50
43.705754,7.2598431,50
43.7057871,7.260604,50
43.7057825,7.2607324,50
43.7057665,7.2608051,50
43.8854952,7.2348927,80
43.8856545,7.2347651,80
43.8858007,7.2345466,80
43.8859687,7.2342692,80
43.8861344,7.2340093,80
43.8861602,7.2339074,80
43.886203,7.233739,80
43.8794233,7.2325957,80
43.8794498,7.2325867,80
43.8794633,7.2325607,80
43.8794706,7.232525,80
43.8794706,7.2324754,80
43.8794672,7.2322635,80
43.8794622,7.2320001,80
43.8794327,7.2313197,80
43.7382542,7.3231899,110
43.7379587,7.3227417,110
43.7368193,7.3210906,110
43.7368193,7.3210906,110
43.7362241,7.3203182,110
43.7358898,7.3198741,110
43.7352686,7.3189554,110
43.7364353,7.321207,110
43.738005,7.3234652,110
43.7448462,7.3714086,90
43.7446702,7.3709221,90
43.7446249,7.3707714,90
43.7445931,7.3706255,90
43.7445647,7.3704715,90
43.7445506,7.3703337,90
43.7445441,7.3701964,90
43.7445471,7.3700632,90
43.7445517,7.3699492,90
43.7445657,7.3697928,90
43.744589,7.3696281,90
43.7446211,7.3694632,90
43.7446621,7.3692766,90
43.7447154,7.3690309,90
43.7447869,7.3687271,90
43.7448346,7.3685277,90
43.7448701,7.3683778,90
43.7449105,7.3682073,90
43.745072,7.3675433,90
43.746378,7.3796274,90
43.7464099,7.3793818,90
43.7464291,7.3791842,90
43.7464336,7.3790402,90
43.7464289,7.3788947,90
43.7464192,7.3787324,90
43.7464042,7.3785924,90
43.7463748,7.3783991,90
43.7463245,7.3781772,90
43.7462707,7.3780034,90
43.7462149,7.3778504,90
43.7461417,7.3776894,90
43.7460693,7.3775306,90
43.7459831,7.3773831,90
43.7458581,7.3772074,90
43.7457283,7.3770384,90
43.7454647,7.376742,90
43.7453281,7.3765637,90
43.7452052,7.3763844,90
43.7446848,7.3680651,70
43.744514,7.3685166,70
43.7444116,7.3687896,70
43.7443437,7.3689977,70
43.7443164,7.3691044,70
43.7442977,7.3691856,70
43.7442825,7.369278,70
43.7442697,7.3694039,70
43.744266,7.3694869,70
43.7447444,7.3743487,90
43.744726,7.3745045,90
43.744713,7.3746533,90
43.7447107,7.3747925,90
43.7447136,7.3749361,90
43.744726,7.375092,90
43.7447465,7.3752589,90
43.7447678,7.3753879,90
43.7447895,7.3755018,90
43.7448236,7.375637,90
43.7448559,7.3757476,90
43.7448982,7.3758862,90
43.744903,7.3759019,90
43.7449929,7.3761198,90
43.7444217,7.3703784,70
43.7445487,7.3707323,70
43.7447144,7.371183,70
43.7448046,7.3714386,70
43.7448747,7.3716906,70
43.7449027,7.3718074,70
43.7449361,7.3719961,70
43.7449577,7.3721855,70
43.7449671,7.3722976,70
43.7449721,7.3723926,70
43.74497,7.3726403,70
43.744266,7.3694869,70
43.7442717,7.3696352,70
43.7442902,7.3697883,70
43.7443236,7.3699798,70
43.7443708,7.3701843,70
43.7444217,7.3703784,70
43.757994,7.4440482,50
43.7579253,7.4440332,50
43.7578772,7.4440316,50
43.7577525,7.444046,50
43.7576609,7.4440631,50
43.7574829,7.444278,50
43.7575364,7.4442284,50
43.7575678,7.4441919,50
43.7575907,7.4441655,50
43.7576234,7.4441161,50
43.7576609,7.4440631,50
43.7578845,7.4439,50
43.7577919,7.4439007,50
43.7577463,7.4439152,50
43.7577116,7.4439349,50
43.7576797,7.4439586,50
43.7576422,7.4439938,50
43.7575961,7.4440446,50
43.7575586,7.4441129,50
43.7578845,7.4439,50
43.7584896,7.4439239,50
43.7586047,7.4439535,50
43.7587111,7.4440071,50
43.7587766,7.4440482,50
43.758844,7.4441025,50
43.7590995,7.4443289,50
43.7592741,7.4444842,50
43.7593498,7.4445604,50
43.7594049,7.4446257,50
43.7594472,7.4446872,50
43.7595298,7.4448211,50
43.7596619,7.4450377,50
43.7596619,7.4450377,50
43.759725,7.4451738,50
43.7597839,7.4452482,50
43.7598356,7.4452961,50
43.7599957,7.4453779,50
43.7601179,7.4454487,50
43.7601842,7.4454998,50
43.7602467,7.4455637,50
43.7604026,7.4457706,50
43.7608285,7.4463607,50
43.7610608,7.446653,50
43.761232,7.4468418,50
43.7613136,7.4469105,50
43.7615291,7.4470732,50
43.7617285,7.4471092,90
43.7614476,7.4467716,90
43.7613183,7.4465985,90
43.7611238,7.4463055,90
43.7609207,7.4459709,90
43.7203679,7.1867357,30
43.720369,7.1868402,30
43.7203853,7.1872415,30
43.7204036,7.1875995,30
43.7204083,7.1876279,30
43.6881815,7.2072374,30
43.6882154,7.2071473,30
43.6882677,7.2070313,30
43.6883059,7.2069609,30
43.6883349,7.2069117,30
43.6885027,7.2066509,30
43.6885737,7.2065374,30
43.6886251,7.2064606,30
43.6886824,7.20638,30
43.688724,7.2063326,30
43.6887701,7.206283,30
43.6888191,7.2062387,30
43.6888821,7.2061864,30
43.6890046,7.2061091,30
43.6891013,7.2060603,30
43.6962408,7.2057068,50
43.6962246,7.2057532,50
43.6961975,7.2058095,50
43.6961655,7.2058417,50
43.6961301,7.2058552,50
43.6959502,7.2058511,50
43.6958659,7.2058605,50
43.6957928,7.2058962,50
43.6956496,7.2059973,50
43.695517,7.2061373,50
43.6953186,7.2063711,50
43.6951952,7.2065664,50
43.6948675,7.2070166,50
43.6947556,7.2071788,50
43.6946758,7.2073553,50
43.7102946,7.1879492,50
43.7103193,7.1880779,50
43.7103758,7.1887549,50
43.7104152,7.1892843,50
43.7108686,7.194492,30
43.7108994,7.1944713,30
43.7112227,7.194276,30
43.711239,7.1942533,30
43.7112494,7.1942244,30
43.7112483,7.1941916,30
43.7112396,7.1941404,30
43.7112205,7.1940592,30
43.7080927,7.1887789,50
43.7080964,7.1886242,50
43.7081078,7.188524,50
43.7081202,7.1884714,50
43.7295675,7.3667377,50
43.7296656,7.3667778,50
43.7297162,7.3667869,50
43.7297541,7.366781,50
43.7297845,7.3667699,50
43.7298326,7.3667356,50
43.7298896,7.3666777,50
43.7299365,7.3666273,50
43.7299717,7.3665906,50
43.7300165,7.366563,50
43.7301504,7.3664842,50
43.7302274,7.3664262,50
43.7302549,7.3663979,50
43.7303022,7.3663376,50
43.7303138,7.3662987,50
43.7303166,7.3662518,50
43.730312,7.3662047,50
43.7303034,7.36616,50
43.7236806,7.396252,30
43.7236904,7.3964035,30
43.7236901,7.3965247,30
43.7236725,7.3968224,30
43.7236454,7.3971184,30
43.7236417,7.3972304,30
43.7236463,7.3972968,30
43.7236649,7.3973503,30
43.7236882,7.3973871,30
43.7237274,7.397408,30
43.7237684,7.3974228,30
43.7238111,7.397421,30
43.7238561,7.397414,30
43.7239016,7.3973783,30
43.7239464,7.3973376,30
43.7239932,7.3972759,30
43.7240321,7.3971978,30
43.7240746,7.39706,30
43.7241127,7.3968645,30
43.7241373,7.3967081,30
43.7241489,7.3965805,30
43.7241526,7.3964168,30
43.7241443,7.3962553,30
43.7241251,7.3960847,30
43.7240862,7.3958331,30
43.7240487,7.3956797,30
43.7240004,7.395522,30
43.7238771,7.3952043,30
43.7400629,7.3963789,80
43.7400554,7.3963287,80
43.7400181,7.3962753,80
43.7395963,7.3961251,80
43.7392264,7.395952,80
43.7387906,7.3956437,80
43.7384364,7.3954672,80
43.7377807,7.3952799,80
43.7372292,7.3951359,80
43.7367817,7.3950135,80
43.7365056,7.3949214,80
43.7362624,7.3948933,80
43.7360157,7.3949142,80
43.7359569,7.3948637,80
43.7359335,7.394783,80
43.7359747,7.3947242,80
43.7360323,7.3947182,80
43.7362297,7.3946982,80
43.7364433,7.3946485,80
43.7367376,7.3945281,80
43.7370158,7.3944858,80
43.7372685,7.3944623,80
43.7374183,7.3944144,80
43.7375306,7.3943697,80
43.7375697,7.3943509,80
43.7376044,7.3943127,80
43.7376147,7.3942619,80
43.7376003,7.3942306,80
43.7375483,7.3942185,80
43.7374061,7.3942501,80
43.7371823,7.3942285,80
43.7368805,7.3940412,80
43.7366232,7.3939394,80
43.7364639,7.3938768,80
43.7363178,7.3938384,80
43.7361895,7.3938069,80
43.7360647,7.3938352,80
43.7359316,7.3939476,80
43.7358017,7.393959,80
43.735623,7.3939358,80
43.7355045,7.3938918,80
43.7351976,7.3937304,80
43.735073,7.3936481,80
43.7349921,7.3936142,80
43.7347149,7.3935372,80
43.7346225,7.3934863,80
43.7345677,7.3934025,80
43.7344834,7.3932743,80
43.7341762,7.3930077,80
43.7337845,7.3925625,80
43.7335622,7.3921854,80
43.7331176,7.3916778,80
43.7330399,7.3916123,80
43.7325006,7.3909553,80
43.7324211,7.3909004,80
43.7323763,7.3908296,80
43.7323305,7.3907256,80
43.7323134,7.390559,80
43.7568922,7.443894,50
43.7568464,7.443863,50
43.7568175,7.4438312,50
43.7568036,7.4438039,50
43.7567922,7.443764,50
43.7567811,7.4437069,50
43.7567719,7.4436038,50
43.7567638,7.4434934,50
43.7567385,7.443129,50
43.7567025,7.4425627,50
43.7566806,7.442399,50
43.7564959,7.4416407,50
43.7564375,7.4414459,50
43.7563481,7.4412455,50
43.7562586,7.4410449,50
43.7562073,7.4408863,50
43.7561792,7.440733,50
43.756162,7.440151,50
43.756152,7.4399815,50
43.7561187,7.4398436,50
43.7560458,7.4396906,50
43.7558268,7.4393972,50
43.7557632,7.439281,50
43.7557199,7.4391227,50
43.7557024,7.4389584,50
43.7557133,7.4388117,50
43.75576,7.4386283,50
43.7559088,7.438285,50
43.7559864,7.4381545,50
43.7560886,7.4380361,50
43.7561705,7.4379688,50
43.7562621,7.4379284,50
43.7563565,7.4379198,50
43.7564666,7.4379378,50
43.7565958,7.4379774,50
43.7567032,7.4379896,50
43.756862,7.4379666,50
43.7569823,7.4378996,50
43.7571361,7.4377467,50
43.7572292,7.4375738,50
43.757294,7.4373723,50
43.7573283,7.4371009,50
43.7573318,7.4367247,50
43.7573085,7.4360754,50
43.7572436,7.4356564,50
43.7571227,7.435267,50
43.7570176,7.4350733,50
43.7568573,7.4348346,50
43.7566218,7.4345171,50
43.7563242,7.434148,50
43.7559514,7.4337073,50
43.7556256,7.4333023,50
43.7554377,7.4330596,50
43.7553423,7.432888,50
43.7552728,7.4326998,50
43.7552386,7.4325192,50
43.7552352,7.4323418,50
43.7552703,7.4321202,50
43.7553869,7.4316681,50
43.7553944,7.4315677,50
43.7554007,7.4314825,50
43.7553894,7.4313725,50
43.6825799,7.2200508,30
43.6825571,7.2200037,30
43.6825226,7.2199414,30
43.6823776,7.2197389,30
43.6822339,7.2195524,30
43.7205579,7.2630569,15
43.7205493,7.263116,15
43.7205464,7.263136,15
43.72044,7.2638652,15
43.7225973,7.2628978,30
43.7225665,7.2628068,30
43.7225114,7.2627135,30
43.7224202,7.2625796,30
43.7223368,7.2624753,30
43.7222518,7.2623506,30
43.7221371,7.2621339,30
43.7220582,7.2619729,30
43.7219707,7.2618401,30
43.721871,7.2617134,30
43.721754,7.2616279,30
43.7215636,7.2615284,30
43.7215008,7.2614956,30
43.7195481,7.2615777,30
43.7193879,7.2617212,30
43.7193218,7.2617939,30
43.7192688,7.2618761,30
43.7192274,7.2619714,30
43.719194,7.2620483,30
43.719439,7.261121,30
43.7192766,7.2612182,30
43.7191851,7.2612964,30
43.7190833,7.2614188,30
43.7189508,7.2616462,30
43.718919,7.2617181,30
43.7188828,7.2617998,30
43.7191957,7.2602088,30
43.7191307,7.26021,30
43.7190874,7.2602108,30
43.719018,7.2602351,30
43.7188378,7.2604587,30
43.7187173,7.2606306,30
43.7183755,7.2610797,30
43.7182549,7.2611825,30
43.7182308,7.261296,30
43.7182052,7.2614167,30
43.7197293,7.2623672,30
43.7197158,7.2622519,30
43.7195481,7.2615777,30
43.719439,7.261121,30
43.7193118,7.2606225,30
43.7192288,7.26032,30
43.7191957,7.2602088,30
43.7190949,7.2598389,30
43.719014,7.2596071,30
43.7189203,7.2592616,30
43.7186641,7.2583931,30
43.7184973,7.2577922,30
43.7182975,7.2571,30
43.7182916,7.2570793,30
43.718276,7.2570251,30
43.7182604,7.2569709,30
43.720361,7.2595721,30
43.721209,7.2591816,30
43.721248,7.2592091,30
43.7217715,7.2590333,30
43.7218855,7.2590005,30
43.7219859,7.2589485,30
43.7221214,7.258856,30
43.7222381,7.2588289,30
43.7222979,7.2588714,30
43.7223786,7.2589774,30
43.7224317,7.2591432,30
43.7224398,7.2591588,30
43.7224635,7.2592048,30
43.7163035,7.2583487,30
43.716301,7.258478,30
43.7163071,7.2587119,30
43.716325,7.2591394,30
43.7164034,7.2606362,30
43.7164259,7.261034,30
43.7164289,7.2610873,30
43.7164361,7.2612361,30
43.716427,7.2612816,30
43.7163969,7.2613485,30
43.7169753,7.2571047,50
43.7170062,7.2571124,50
43.7170416,7.2571205,50
43.7170848,7.2571279,50
43.7171914,7.2571134,50
43.7173725,7.2570818,50
43.717439,7.2570747,50
43.7175157,7.257075,50
43.7175943,7.2570722,50
43.7180108,7.2570104,50
43.718094,7.2569985,50
43.7181181,7.256995,50
43.7182604,7.2569709,50
43.7171439,7.2613724,30
43.7171391,7.2612798,30
43.7171136,7.2607922,30
43.717106,7.2606677,30
43.7170976,7.2605007,30
43.7170808,7.2601236,30
43.717018,7.2587101,30
43.7170153,7.2586504,30
43.7170124,7.2585933,30
43.7169663,7.2575343,30
43.7169624,7.2574459,30
43.7169568,7.2573168,30
43.7169549,7.2572733,30
43.7169645,7.2571859,30
43.7169701,7.2571332,30
43.7169753,7.2571047,30
43.717001,7.2569811,30
43.7228023,7.2561512,50
43.7227152,7.2561616,50
43.7225173,7.2561908,50
43.7221083,7.2562364,50
43.7220094,7.2562482,50
43.7219468,7.2562557,50
43.7218704,7.2562731,50
43.7217455,7.2562893,50
43.7215862,7.2563084,50
43.7214212,7.2563312,50
43.7212539,7.2563553,50
43.721233,7.2563582,50
43.7211328,7.2563906,50
43.7208469,7.2564314,50
43.7198274,7.2565796,50
43.7187334,7.2567353,50
43.7183358,7.2567855,50
43.7183147,7.2567882,50
43.7182069,7.2567989,50
43.718102,7.2568067,50
43.7175801,7.2568822,50
43.717234,7.2569355,50
43.7171967,7.2569422,50
43.7171729,7.2569465,50
43.7170794,7.2569622,50
43.717001,7.2569811,50
43.7372331,7.2871122,30
43.7371545,7.2871086,30
43.7370964,7.2871143,30
43.7370317,7.28713,30
43.7367742,7.2872139,30
43.7366585,7.287251,30
43.7169586,7.2555511,50
43.7170819,7.2553596,50
43.7171355,7.2552762,50
43.7173049,7.2550901,50
43.7173522,7.2550381,50
43.7176706,7.2547641,50
43.7176997,7.2547243,50
43.7177295,7.2546836,50
43.7177489,7.2546571,50
43.7178029,7.2545779,50
43.7179523,7.2543591,50
43.718043,7.254236,50
43.718472,7.2536539,50
43.7186179,7.2534252,50
43.7188451,7.2529889,50
43.7188753,7.2529308,50
43.7188887,7.2529103,50
43.7192649,7.2523376,50
43.7193036,7.2522801,50
43.7193353,7.2521782,50
43.7193414,7.2520909,50
43.7206774,7.2754163,50
43.7207963,7.275405,50
43.721004,7.2753492,50
43.721234,7.2752839,50
43.7214392,7.2752318,50
43.7214947,7.2752177,50
43.7186132,7.2750982,30
43.7186656,7.2751261,30
43.7187247,7.2751439,30
43.718795,7.2751379,30
43.7189884,7.2750604,30
43.7190673,7.2750434,30
43.7191419,7.2750415,30
43.7191831,7.2750534,30
43.7192357,7.2750741,30
43.7192951,7.2751017,30
43.7194513,7.2752006,30
43.7194975,7.2752018,30
43.7195408,7.2751862,30
43.7195804,7.2751494,30
43.7260968,7.2558248,50
43.7263036,7.2557981,50
43.7268683,7.2557147,50
43.7273122,7.2556522,50
43.7274072,7.255637,50
43.7276039,7.2556099,50
43.7278705,7.2555702,50
43.7281411,7.2555307,50
43.7285397,7.2554712,30
43.7285982,7.2554638,30
43.7286216,7.2554609,30
43.7286437,7.2554581,30
43.728939,7.255421,30
43.7295828,7.2553398,30
43.7288757,7.2546073,50
43.7289026,7.2545238,50
43.7290844,7.2542055,50
43.7291139,7.254155,50
43.7291449,7.2541154,50
43.7291701,7.2540919,50
43.7291885,7.2540792,50
43.7292133,7.254068,50
43.7293121,7.2540283,50
43.7163969,7.2613485,30
43.7164086,7.2613648,30
43.7164556,7.2613956,30
43.7165336,7.2613983,30
43.7165677,7.2613962,30
43.7165927,7.2613946,30
43.7169398,7.2613721,30
43.7170922,7.2613724,30
43.7171439,7.2613724,30
43.717167,7.2613726,30
43.7172266,7.2613726,30
43.7172644,7.2613728,30
43.7175882,7.261354,30
43.717836,7.2613524,30
43.7178939,7.2613515,30
43.7179507,7.2613637,30
43.7182052,7.2614167,30
43.7182643,7.2614331,30
43.7183349,7.2614526,30
43.7184371,7.2615174,30
43.7188828,7.2617998,30
43.719194,7.2620483,30
43.7194831,7.2622747,30
43.7195573,7.2623172,30
43.7195767,7.2623283,30
43.7196713,7.2623554,30
43.7197293,7.2623672,30
43.7254009,7.2565365,50
43.7254564,7.2564972,50
43.7254884,7.2564602,50
43.7256095,7.2561175,50
43.7256279,7.2560653,50
43.7256313,7.2560132,50
43.7256276,7.2558936,50
43.7255247,7.256032,50
43.7254412,7.2562526,50
43.7253072,7.2565663,50
43.7248634,7.2569832,50
43.7247559,7.2570874,50
43.7247076,7.2571422,50
43.7246779,7.2571832,50
43.7246531,7.2572224,50
43.7246228,7.2572747,50
43.7245997,7.2573253,50
43.7245828,7.2573683,50
43.7199059,7.2576747,30
43.7201468,7.257628,30
43.7207923,7.2574698,30
43.7215133,7.2573058,30
43.7215615,7.2573096,30
43.721596,7.2573561,30
43.7217155,7.2578688,30
43.7223767,7.2609192,30
43.7224538,7.2610412,30
43.7225386,7.2612527,30
43.722589,7.2613627,30
43.7226516,7.2614568,30
43.7227141,7.2615324,30
43.7227945,7.2616113,30
43.7229839,7.2617367,30
43.7231051,7.2618194,30
43.723174,7.2618891,30
43.7232329,7.2619787,30
43.7233908,7.2622459,30
43.7234464,7.2623097,30
43.7237965,7.2602657,30
43.7237972,7.2602189,30
43.7238075,7.2601649,30
43.7239717,7.2596571,30
43.7240032,7.2595596,30
43.7208614,7.262286,30
43.7208275,7.2623096,30
43.7207824,7.2623337,30
43.7207044,7.2623572,30
43.7205523,7.2623775,30
43.7236316,7.2640218,30
43.7236282,7.2637981,30
43.7234776,7.2636746,30
43.7230913,7.2635216,30
43.7230532,7.2635141,30
43.7227921,7.2634628,30
43.7183349,7.2614526,30
43.7184236,7.26137,30
43.7185613,7.2612417,30
43.7188656,7.2609496,30
43.7190888,7.2607467,30
43.7192567,7.2606532,30
43.7193118,7.2606225,30
43.7188828,7.2617998,30
43.7188668,7.261973,30
43.7190191,7.2627735,30
43.7190228,7.2627974,30
43.7190317,7.262855,30
43.723884,7.2625056,30
43.7239261,7.2625469,30
43.7239716,7.2625818,30
43.7240339,7.2625967,30
43.7240903,7.262598,30
43.7241269,7.2625895,30
43.7241595,7.2625769,30
43.7237965,7.2602657,30
43.7237502,7.2602746,30
43.7235373,7.2603291,30
43.7232806,7.2604779,30
43.7232293,7.2605247,30
43.7231639,7.2605986,30
43.7230884,7.260711,30
43.7230329,7.2608015,30
43.7230004,7.2608367,30
43.6985787,7.283936,50
43.6987129,7.283965,50
43.6987487,7.2839717,50
43.7006967,7.2795259,30
43.700699,7.2796407,30
43.7006088,7.2799708,30
43.7005147,7.2802959,30
43.7004642,7.2804301,30
43.7003991,7.2804987,30
43.7002786,7.2805798,30
43.8748311,7.0092509,50
43.8747738,7.0093022,50
43.8747129,7.0093443,50
43.8747129,7.0093443,50
43.8742738,7.0094922,50
43.8658526,7.0169365,50
43.866074,7.016551,50
43.8661206,7.0165258,50
43.8661632,7.0165226,50
43.8662141,7.0165341,50
43.8662588,7.0165654,50
43.8664978,7.0169571,50
43.8665695,7.0170223,50
43.8666149,7.0170556,50
43.8666656,7.0170699,50
43.8667034,7.0170752,50
43.873015,7.0060982,50
43.8726213,7.0060064,50
43.7884441,7.272941,30
43.7887269,7.2726801,30
43.788904,7.2725244,30
43.7889699,7.2724263,30
43.7891603,7.272131,30
43.789198,7.272068,30
43.7892306,7.2719659,30
43.789248,7.2718671,30
43.7892537,7.2717605,30
43.7892486,7.2716821,30
43.789193,7.2714005,30
43.7891961,7.2713361,30
43.789204,7.2712718,30
43.7892173,7.2712031,30
43.7892359,7.2711283,30
43.7893604,7.2707051,30
43.7894003,7.2706003,30
43.7894575,7.27045,30
43.7894818,7.2704012,30
43.7895316,7.2703422,30
43.7896209,7.2702572,30
43.7896516,7.2702177,30
43.7898062,7.2701459,30
43.7898583,7.2700858,30
43.7898812,7.270043,30
43.7900051,7.2698015,30
43.7903744,7.2692019,30
43.7904647,7.2690624,30
43.7905908,7.268882,30
43.7909039,7.268462,30
43.7909443,7.2683919,30
43.7909596,7.2683405,30
43.7909664,7.268277,30
43.7909602,7.2682057,30
43.7909358,7.2681216,30
43.7908886,7.26808,30
43.7906418,7.2680258,30
43.7905716,7.2679969,30
43.7905361,7.2679651,30
43.7905103,7.2679181,30
43.7904704,7.2678324,30
43.7904347,7.2677803,30
43.790305,7.2676484,30
43.7902789,7.267588,30
43.7902302,7.2674749,30
43.7900772,7.2673345,30
43.7900303,7.2672522,30
43.7899975,7.2671939,30
43.7899442,7.2670685,30
43.7898929,7.2669769,30
43.7898819,7.2669619,30
43.7898347,7.2668964,30
43.7897875,7.2668416,30
43.789735,7.266789,30
43.789663,7.2667225,30
43.7896203,7.2666762,30
43.7895143,7.2665203,30
43.7894866,7.2664718,30
43.7893952,7.2663118,30
43.7893656,7.2662242,30
43.7893314,7.2661007,30
43.7893018,7.2659652,30
43.7428464,7.2880179,30
43.7428038,7.2880205,30
43.7427413,7.2880313,30
43.7427103,7.2880323,30
43.742657,7.288034,30
43.7425592,7.2880112,30
43.7421916,7.2879763,30
43.7414417,7.2879044,30
43.7412812,7.2878918,30
43.7410991,7.287878,30
43.7408549,7.287858,30
43.7406946,7.2878408,30
43.7403408,7.2877796,30
43.7399955,7.2877379,30
43.7398341,7.2876989,30
43.7397578,7.2876615,30
43.7395654,7.2874764,30
43.7395501,7.2874372,30
43.7395261,7.2874075,30
43.7394962,7.2873907,30
43.739464,7.2873889,30
43.7394391,7.2873985,30
43.739417,7.2874171,30
43.7394032,7.2874364,30
43.7393926,7.2874592,30
43.7375832,7.2871239,30
43.7375795,7.2871049,30
43.7375734,7.287087,30
43.7375651,7.287071,30
43.7375478,7.2870504,30
43.737527,7.2870375,30
43.7375043,7.2870335,30
43.7374818,7.2870386,30
43.7374595,7.2870542,30
43.7374419,7.2870787,30
43.7392018,7.287474,30
43.7386979,7.2872876,30
43.7385459,7.2872132,30
43.7383967,7.2871585,30
43.7382756,7.2871387,30
43.7381643,7.2871413,30
43.7377754,7.287206,30
43.7394357,7.2876348,50
43.7394233,7.2876806,50
43.7394133,7.2877103,50
43.7396283,7.2880462,30
43.7396186,7.288188,30
43.7395626,7.2886535,30
43.7395119,7.2887387,30
43.7394584,7.2887896,30
43.739437,7.2888495,30
43.739452,7.2892742,30
43.7394506,7.2893969,30
43.7394181,7.2894586,30
43.7392562,7.2895308,30
43.739063,7.2896067,30
43.7388804,7.2895212,30
43.7388009,7.2894515,30
43.7387704,7.289348,30
43.7388537,7.2890201,30
43.7388884,7.2889214,30
43.7388898,7.2887033,30
43.7388226,7.2884837,30
43.7387744,7.2884045,30
43.7386569,7.2883643,30
43.7385766,7.2883795,30
43.7385315,7.2884323,30
43.7385365,7.2885213,30
43.7386258,7.2888283,30
43.7386158,7.2889325,30
43.7385696,7.2891701,30
43.7385967,7.2892604,30
43.7387704,7.289348,30
43.713623,7.2251736,30
43.713551,7.2251771,30
43.7134372,7.2251962,30
43.7133926,7.2252146,30
43.7133324,7.2252454,30
43.713089,7.2254194,30
43.7083051,7.2927919,50
43.7082964,7.292936,50
43.7082924,7.2930023,50
43.7082905,7.293281,50
43.7083015,7.2934034,50
43.7083279,7.2934936,50
43.7083587,7.2935746,50
43.7012653,7.2790102,50
43.7013337,7.2790582,50
43.7026253,7.2799868,50
43.7026491,7.2800039,50
43.7027311,7.2800555,50
43.6994781,7.2765743,50
43.6993917,7.2765126,50
43.6992287,7.2763669,50
43.6990378,7.2761567,50
43.6989574,7.2760439,50
43.6988701,7.2758814,50
43.698811,7.275746,50
43.6987519,7.2755652,50
43.6986656,7.2752158,50
43.6986379,7.2750915,50
43.6984361,7.2742753,50
43.6984128,7.2741813,50
43.7010658,7.2744375,50
43.7010378,7.2745159,50
43.7007391,7.275381,50
43.7007004,7.2754845,50
43.700674,7.2755688,50
43.7002079,7.2769404,50
43.7001751,7.2770339,50
43.6882044,7.2362152,30
43.6881863,7.2362895,30
43.688135,7.2364558,30
43.6852627,7.198851,30
43.6856069,7.2005123,30
43.6859035,7.2018934,30
43.6859115,7.2019334,30
43.6859199,7.201975,30
43.6742686,7.2210765,30
43.6742909,7.2209834,30
43.6743321,7.2208178,30
43.6744052,7.2205202,30
43.6744355,7.2203756,30
43.6744606,7.2202384,30
43.6744853,7.2200936,30
43.6745009,7.219999,30
43.6745049,7.2199774,30
43.6745295,7.2198314,30
43.674548,7.219694,30
43.674563,7.2195218,30
43.6745715,7.2193503,30
43.6746096,7.2186354,30
43.6746493,7.218094,30
43.6746806,7.2178458,30
43.674724,7.2176126,30
43.6747773,7.2173832,30
43.674847,7.21712,30
43.6750091,7.2165813,30
43.6750605,7.2163608,30
43.6750926,7.2162198,30
43.675115,7.2160761,30
43.6751221,7.2159315,30
43.6751111,7.2157822,30
43.6750935,7.2156432,30
43.6750644,7.215526,30
43.6749847,7.2152621,30
43.6749246,7.2150917,30
43.6748767,7.2149513,30
43.6747306,7.214558,30
43.674525,7.2140192,30
43.6744909,7.2139217,30
43.6744447,7.2137952,30
43.6744026,7.2136639,30
43.6743716,7.2135392,30
43.6743404,7.213361,30
43.6743241,7.2132334,30
43.6743078,7.2130877,30
43.6742985,7.212965,30
43.6742938,7.2128274,30
43.6966944,7.2101781,50
43.6965077,7.2102457,50
43.6960894,7.2103973,50
43.695881,7.210464,50
43.6957279,7.210513,50
43.6955573,7.2105957,50
43.6954768,7.2106348,50
43.6954565,7.2106446,50
43.6952345,7.2107498,50
43.6951837,7.2107588,50
43.6951391,7.2107514,50
43.6950969,7.2107226,50
43.6950643,7.2106843,50
43.6949762,7.2105362,50
43.6949079,7.2104082,50
43.6948535,7.2103351,50
43.6948068,7.2102931,50
43.6947634,7.2102573,50
43.6947126,7.2102278,50
43.6946373,7.2102036,50
43.6945776,7.2101926,50
43.6945084,7.2101942,50
43.694432,7.2102086,50
43.6943581,7.2102365,50
43.6940784,7.2103541,50
43.6940051,7.2103733,50
43.6939077,7.2103939,50
43.6935854,7.2104487,50
43.6935188,7.2104578,50
43.69331,7.2104901,50
43.6930276,7.2105304,50
43.6928504,7.210569,50
43.692361,7.2106929,50
43.6923133,7.2107049,50
43.6922285,7.2107262,50
43.6921006,7.2107635,50
43.6919814,7.2108319,50
43.6918544,7.2109196,50
43.6915914,7.2111485,50
43.6915484,7.2111927,50
43.6915036,7.2112489,50
43.6914669,7.2113322,50
43.6914185,7.2114787,50
43.69134,7.2117607,50
43.6911986,7.2122627,50
43.691163,7.2123695,50
43.6911255,7.212482,50
43.6910748,7.2125981,50
43.6909664,7.2128232,50
43.6908843,7.212991,50
43.6908645,7.2130498,50
43.6907608,7.2133585,50
43.6906855,7.2136347,50
43.6906398,7.2137737,50
43.690587,7.2139117,50
43.6905001,7.2140841,50
43.6904614,7.2141441,50
43.6843608,7.2157268,30
43.6843309,7.2157055,30
43.6843078,7.2156899,30
43.6841434,7.2155878,30
43.6840077,7.215509,30
43.6839037,7.2154642,30
43.683817,7.2154452,30
43.6836665,7.2154467,30
43.6835891,7.2154566,30
43.6835368,7.2154404,30
43.6835046,7.2154118,30
43.6834798,7.2153722,30
43.6834604,7.2153193,30
43.6834561,7.2152656,30
43.6834636,7.2152114,30
43.6834958,7.2150998,30
43.6835421,7.2149371,30
43.6835997,7.2147346,30
43.6836064,7.2146816,30
43.6836064,7.214632,30
43.6835914,7.214573,30
43.6835322,7.2144509,30
43.6835017,7.2144107,30
43.6834677,7.2144006,30
43.6834411,7.2143993,30
43.6834154,7.214414,30
43.6833494,7.2144918,30
43.6833024,7.2145287,30
43.6832321,7.2145743,30
43.6831404,7.2146172,30
43.6828063,7.2147453,30
43.6827463,7.2147746,30
43.6826952,7.2148177,30
43.6826479,7.2148698,30
43.6825559,7.214993,30
43.6824596,7.2151302,30
43.6824266,7.2151456,30
43.682396,7.2151436,30
43.6823442,7.2151148,30
43.6819245,7.2148064,30
43.6817767,7.2147033,30
43.6817044,7.2146597,30
43.6861979,7.1974453,30
43.6856618,7.1947288,30
43.6823109,7.1989269,50
43.6823403,7.1989481,50
43.682373,7.1989519,50
43.6824101,7.1989464,50
43.6824942,7.1989179,50
43.6827957,7.1988157,50
43.6828934,7.1987994,50
43.6744416,7.2121862,30
43.6744956,7.2122302,30
43.6745435,7.2122602,30
43.6745794,7.2122709,30
43.6746171,7.2122612,30
43.675288,7.2118369,30
43.6757859,7.2115228,30
43.6759266,7.2114448,30
43.6764042,7.2112367,30
43.6771355,7.2109256,30
43.6774272,7.2108078,30
43.6775207,7.2107823,30
43.6776382,7.210764,30
43.6780368,7.2107236,30
43.6780716,7.2107285,30
43.678097,7.210732,30
43.6781314,7.2107461,30
43.6781776,7.2107799,30
43.678238,7.2108255,30
43.6782751,7.2108498,30
43.6783061,7.2108732,30
43.713623,7.2251736,30
43.7137295,7.2251357,30
43.7137815,7.2251176,30
43.7040129,7.2262657,30
43.7039815,7.2261894,30
43.7036197,7.225336,30
43.7035753,7.2251954,30
43.7035316,7.2250253,30
43.7035069,7.2249944,30
43.7033784,7.2248995,30
43.7030177,7.2246333,30
43.7029546,7.2245871,30
43.7029235,7.2245423,30
43.7029048,7.2244982,30
43.7028296,7.2241678,30
43.7028795,7.2239181,30
43.7031657,7.2235921,30
43.7035006,7.223115,30
43.7037254,7.2230199,30
43.7037955,7.2228537,30
43.7907514,7.3753841,50
43.7907382,7.3759073,50
43.7907382,7.3759073,50
43.790754,7.3759762,50
43.7907786,7.3760289,50
43.7909092,7.3761515,50
43.7911136,7.3763511,50
43.791252,7.3764369,50
43.7914524,7.3765643,50
43.7915676,7.3766823,50
43.7916393,7.3767883,50
43.7917216,7.3769854,50
43.791801,7.3771209,50
43.7919258,7.3772147,50
43.7925618,7.3775304,50
43.7926117,7.3775477,50
43.7926616,7.3775534,50
43.7927299,7.3775437,50
43.7928111,7.3775259,50
43.7928947,7.3774773,50
43.7929878,7.3774171,50
43.7932075,7.37725,50
43.7933976,7.3770883,50
43.7934738,7.3770372,50
43.7935366,7.3770174,50
43.7936219,7.3770223,50
43.793693,7.3770633,50
43.7937923,7.3771617,50
43.7940615,7.3774692,50
43.7944441,7.377886,50
43.7907786,7.3760289,50
43.7907719,7.3760855,50
43.7907868,7.3761356,50
43.791136,7.3765384,50
43.7912232,7.3766389,50
43.7914675,7.3767705,50
43.7915428,7.3768388,50
43.7915841,7.3769505,50
43.7915973,7.3770698,50
43.7915588,7.3773216,50
43.7915607,7.3774591,50
43.7915981,7.3775515,50
43.791754,7.3778077,50
43.7918184,7.3778464,50
43.7918823,7.3778468,50
43.7921108,7.3777489,50
43.792223,7.3777619,50
43.7923051,7.3778212,50
43.7924413,7.3779996,50
43.7927518,7.3784356,50
43.7928049,7.3785574,50
43.7928257,7.3786329,50
43.7928511,7.3787634,50
43.7928602,7.3789225,50
43.7928479,7.3793048,50
43.7928518,7.3794378,50
43.7928782,7.3795182,50
43.7929159,7.3795834,50
43.7935642,7.3800981,50
43.7936648,7.3801864,50
43.7937334,7.3802212,50
43.8846743,7.4702636,70
43.8846236,7.4703813,70
43.8845623,7.4705534,70
43.8845475,7.4707218,70
43.8845754,7.4708722,70
43.88467,7.4711041,70
43.8847051,7.4712146,70
43.8847945,7.4716336,70
43.884806,7.4718281,70
43.8847682,7.4720544,70
43.8846918,7.4722453,70
43.8845488,7.4724942,70
43.8842258,7.4729731,70
43.8835939,7.4739709,70
43.8835562,7.4740441,70
43.8831507,7.4749039,70
43.8827153,7.4758905,70
43.8825079,7.4764123,70
43.8824581,7.476645,70
43.8824459,7.4767293,70
43.8824506,7.4768866,70
43.8824687,7.4771132,70
43.882507,7.4775912,70
43.8806168,7.4414584,15
43.8806504,7.4410271,15
43.8806876,7.4409829,15
43.8807784,7.4409762,15
43.8808054,7.4409268,15
43.8808303,7.4406663,15
43.8808625,7.440579,15
43.8810804,7.4405887,15
43.8813622,7.4408688,15
43.8426979,7.4559652,70
43.8426132,7.4559523,70
43.8425257,7.4559717,70
43.8423922,7.456006,70
43.8423055,7.4560439,70
43.838012,7.4651656,70
43.8380838,7.4650618,70
43.8381558,7.4649196,70
43.8381983,7.4648427,70
43.838364,7.4645243,70
43.8385309,7.4641875,70
43.8385309,7.4641875,70
43.8405282,7.4598355,70
43.8417005,7.457275,70
43.842175,7.4563297,70
43.8422684,7.4562272,70
43.8423897,7.4561262,70
43.8423897,7.4561262,70
43.8425334,7.4560469,70
43.8426243,7.456012,70
43.8426979,7.4559652,70
43.8423055,7.4560439,70
43.8421745,7.456136,70
43.8420764,7.4562346,70
43.8416312,7.4571418,70
43.8403843,7.4597203,70
43.8383559,7.4641027,70
43.8383559,7.4641027,70
43.838242,7.4643679,70
43.8381786,7.4645622,70
43.8381177,7.4647965,70
43.8380962,7.4648666,70
43.8380461,7.4650229,70
43.838012,7.4651656,70
43.6985207,7.2860961,50
43.6985362,7.2860545,50
43.6985473,7.2860121,50
43.6985529,7.2859825,50
43.698336,7.2863865,50
43.6983694,7.2863572,50
43.6984041,7.2863418,50
43.6966793,7.2903809,30
43.6965341,7.2903179,30
43.6959404,7.2900633,30
43.6956,7.2898952,30
43.6952232,7.2897155,30
43.695015,7.2896085,30
43.694946,7.2895804,30
43.7645888,7.4818629,50
43.764654,7.4819771,50
43.760276,7.4525974,30
43.7602867,7.4526411,30
43.7603002,7.4526752,30
43.760322,7.4526961,30
43.7603491,7.4527113,30
43.7603835,7.4527317,30
43.7604119,7.4527724,30
43.7605293,7.4529903,30
43.7605912,7.4531321,30
43.7607422,7.453464,30
43.7607743,7.4535554,30
43.7608219,7.4537847,30
43.7608631,7.4538868,30
43.7610145,7.4542019,30
43.7610726,7.4542745,30
43.7611895,7.4543664,30
43.7613534,7.4544572,30
43.7614372,7.4544859,30
43.7616273,7.4545095,30
43.7617149,7.4545192,30
43.7606416,7.4557328,30
43.760888,7.4558308,30
43.7609448,7.4558933,30
43.7609756,7.4559614,30
43.7610833,7.4563763,30
43.7611018,7.4565103,30
43.7611529,7.4569238,30
43.7612124,7.4573199,30
43.76126,7.4574151,30
43.7613323,7.4574719,30
43.7613801,7.4574707,30
43.7614136,7.4574607,30
43.8930556,7.5319058,80
43.8931474,7.531983,80
43.8932499,7.532046,80
43.8933987,7.5320889,80
43.8935494,7.5320983,80
43.8939804,7.5320412,80
43.894109,7.5320098,80
43.8945903,7.5318153,80
43.8947149,7.5317314,80
43.8948009,7.5316397,80
43.8951392,7.5312306,80
43.8952697,7.5310737,80
43.8953393,7.5309342,80
43.8953876,7.5307759,80
43.895433,7.5304971,80
43.895434,7.5303495,80
43.8954146,7.5302053,80
43.8953769,7.5300478,80
43.8953156,7.5298191,80
43.8952938,7.529748,80
43.8951097,7.5295049,80
43.8950817,7.5294124,80
43.8950614,7.5292649,80
43.895074,7.5291066,80
43.8953059,7.5285125,80
43.8953581,7.528357,80
43.8953861,7.528184,80
43.8954228,7.5280539,80
43.895477,7.5279573,80
43.8955475,7.5278822,80
43.8959225,7.5276502,80
43.8960114,7.5276181,80
43.8961167,7.5276046,80
43.8964676,7.5276609,80
43.8965555,7.5276461,80
43.8966309,7.5276019,80
43.8966985,7.5275255,80
43.8969044,7.5271767,80
43.8969527,7.5270642,80
43.896974,7.5269327,80
43.8969894,7.5267315,80
43.8969811,7.5263546,80
43.8969696,7.526232,80
43.8969367,7.5260999,80
43.8969043,7.5259651,80
43.8968348,7.5257699,80
43.8967973,7.5256258,80
43.8967927,7.5255479,80
43.8968169,7.5253776,80
43.8969261,7.5250946,80
43.8969773,7.5249472,80
43.8970846,7.5245783,80
43.8972034,7.5243248,80
43.8973445,7.5240767,80
43.8974334,7.5239507,80
43.897502,7.5238783,80
43.8977891,7.5236369,80
43.8979707,7.5234464,80
43.8980645,7.5233029,80
44.0893619,7.5931003,50
44.0897244,7.5929621,50
44.0898092,7.592932,50
44.1436226,7.5705956,50
44.1677406,7.5714105,50
43.8649596,7.2937678,30
43.8649287,7.2937558,30
43.8648849,7.2936994,30
43.8648682,7.2936867,30
43.8648358,7.293674,30
43.8648072,7.2936841,30
43.7637865,7.480378,50
43.7638052,7.4803331,50
43.7638067,7.4802812,50
43.7637908,7.4802342,50
43.7637609,7.4802029,50
43.6827714,7.2336348,50
43.6828038,7.2336512,50
43.6828407,7.2336636,50
43.6828804,7.2336616,50
43.6829117,7.233653,50
43.6829435,7.2336408,50
43.6829724,7.2336215,50
43.7438525,7.3180391,30
43.7438802,7.3180255,30
43.7439034,7.3180003,30
43.7439195,7.3179663,30
43.7439269,7.3179269,30
43.743552,7.317418,50
43.7434988,7.317298,50
43.7434445,7.3171577,50
43.7432534,7.3166462,50
43.7603464,7.4525453,50
43.7603695,7.4525694,50
43.7604,7.4526076,50
43.7604595,7.4527047,50
43.7605102,7.4527909,50
43.7607701,7.4532501,50
43.7609287,7.4535436,50
43.7610223,7.4537218,50
43.7610487,7.4537734,50
43.7610998,7.4538555,50
43.7611574,7.4539443,50
43.7612721,7.4540426,50
43.7613566,7.4540997,50
43.7614446,7.4541445,50
43.7615233,7.4541701,50
43.7615967,7.4541774,50
43.7616772,7.4541774,50
43.7617877,7.45416,50
43.7618673,7.4541399,50
43.7622544,7.4540365,50
43.7624313,7.4539932,50
43.7626012,7.4539685,50
43.7629202,7.4539638,50
43.763005,7.4539708,50
43.7630746,7.4539812,50
43.7631387,7.4540104,50
43.7631803,7.4540479,50
43.763209,7.4540823,50
43.7632433,7.4541438,50
43.7632636,7.4542142,50
43.7632802,7.4543069,50
43.7632805,7.4543839,50
43.7632762,7.4544416,50
43.7632629,7.4545387,50
43.7632215,7.454707,50
43.7631701,7.4548553,50
43.7631274,7.4549305,50
43.7630742,7.4550035,50
43.76302,7.4550504,50
43.7629614,7.4550739,50
43.7628923,7.4550826,50
43.762711,7.4551108,50
43.7625812,7.4551373,50
43.7624621,7.4551932,50
43.7623839,7.4552362,50
43.7622505,7.4553327,50
43.7621124,7.455452,50
43.7619899,7.4555647,50
43.7618827,7.4556977,50
43.7617894,7.4558102,50
43.7617235,7.4559263,50
43.7616659,7.4560703,50
43.761636,7.4562395,50
43.7616444,7.4564262,50
43.7617066,7.4568016,50
43.7617308,7.4569132,50
43.7617551,7.4569977,50
43.7617905,7.4570752,50
43.7618403,7.4571493,50
43.7618739,7.4571827,50
43.76193,7.4572238,50
43.7620484,7.457303,50
43.7620975,7.4573524,50
43.7621349,7.4573997,50
43.7621788,7.4574666,50
43.7622126,7.4575538,50
43.7622271,7.4576107,50
43.7622377,7.4577227,50
43.7622288,7.4578401,50
43.7621981,7.4580716,50
43.7621658,7.4582578,50
43.762151,7.4584028,50
43.7621484,7.4584776,50
43.7621493,7.458668,50
43.7621582,7.4588767,50
43.7621711,7.4589875,50
43.7621788,7.4590537,50
43.7621986,7.4592239,50
43.7622246,7.4594467,50
43.7622876,7.4599866,50
43.7623354,7.460164,50
43.7624034,7.4603379,50
43.7624994,7.4604957,50
43.7626193,7.4606434,50
43.762654,7.4606985,50
43.7626827,7.4607626,50
43.7627028,7.4608672,50
43.7627076,7.4609737,50
43.7627032,7.4610598,50
43.7626596,7.4615188,50
43.7626257,7.4618379,50
43.7626067,7.4619151,50
43.762559,7.4620129,50
43.7625035,7.4620996,50
43.7623518,7.4623065,50
43.7622432,7.4624636,50
43.7472682,7.3844127,70
43.7472271,7.3843255,70
43.7472029,7.3842355,70
43.7470193,7.3834124,70
43.7468808,7.3828171,70
43.7468279,7.3826469,70
43.7467742,7.3825027,70
43.7467252,7.3823974,70
43.7466778,7.3823069,70
43.7466327,7.3822358,70
43.7465616,7.3821446,70
43.7464961,7.3820702,70
43.7464307,7.3820065,70
43.7463301,7.3819231,70
43.7462297,7.3818436,70
43.7461076,7.3817577,70
43.7458411,7.3815727,70
43.7457422,7.3814973,70
43.7456134,7.3813886,70
43.7455772,7.3813505,70
43.7454786,7.381247,70
43.745408,7.3811586,70
43.7453194,7.3810219,70
43.7452522,7.3809002,70
43.7450242,7.3804438,70
43.7448337,7.3800554,70
43.7447449,7.3798706,70
43.7446658,7.3796821,70
43.7445876,7.3794588,70
44.0968951,6.9294152,30
44.0969873,6.9287781,30
44.0674966,6.9852893,80
44.0676366,6.9853673,80
44.0677987,6.9854969,80
44.0680688,6.9857345,80
44.0681801,6.9858044,80
44.0682804,6.985848,80
44.0686056,6.9858802,80
44.0688096,6.9859272,80
44.0690413,6.9859983,80
44.0691912,6.9860197,80
44.0699607,6.9860035,80
44.0701191,6.9860186,80
44.0702534,6.9860577,80
44.070412,6.9861419,80
44.0705407,6.9862451,80
44.0709077,6.9865324,80
44.0710708,6.9866309,80
44.0716597,6.9868822,80
44.072236,6.9871357,80
44.0725186,6.9872178,80
44.0727341,6.9873047,80
44.0728996,6.9873856,80
44.0730339,6.9874778,80
44.0733103,6.987703,80
44.0735602,6.987962,80
44.0738017,6.9882341,80
44.0740348,6.9885324,80
44.0742404,6.9887976,80
44.0745186,6.9891139,80
44.0746534,6.9892935,80
44.0747657,6.9894796,80
44.0748848,6.9896932,80
44.0749415,6.9897646,80
44.0750364,6.989828,80
44.0752289,6.9899226,80
44.0753039,6.989967,80
44.0755984,6.9901327,80
44.0757085,6.9902068,80
44.0758477,6.9903539,80
43.8524731,7.1645286,30
43.8525844,7.1644911,30
43.852748,7.164478,30
43.8529691,7.1644762,30
43.8530742,7.1644633,30
43.8534486,7.1642508,30
43.8536015,7.1642502,30
43.8537784,7.1642767,30
43.8538713,7.1642244,30
43.8539653,7.1641122,30
43.8541108,7.1639103,30
43.8542475,7.1638128,30
43.8543221,7.1637324,30
43.8544218,7.1635688,30
43.8544902,7.1634747,30
43.854574,7.1633863,30
43.8546619,7.1633394,30
43.8547383,7.1633345,30
43.8550058,7.1632587,30
43.8552034,7.1631937,30
43.8553285,7.1631229,30
43.8554593,7.1630293,30
43.8556801,7.1629489,30
43.8558247,7.1628768,30
43.8559029,7.1628676,30
43.8559694,7.1628992,30
43.8560636,7.1629829,30
43.8561622,7.1629829,30
43.8562378,7.1629151,30
43.8562764,7.1627993,30
43.8563392,7.1625105,30
43.8563791,7.1623382,30
43.8564468,7.1622579,30
43.8565288,7.1622425,30
43.8566456,7.1623002,30
43.8568086,7.1624078,30
43.8569125,7.1624354,30
43.8570313,7.1624354,30
43.8571134,7.1624207,30
43.8572141,7.1623428,30
43.8574264,7.1621309,30
43.8576119,7.1620124,30
43.8576391,7.1619853,30
43.857737,7.1618876,30
43.8579434,7.1615436,30
43.8580154,7.1614451,30
43.8580878,7.1613973,30
43.8581551,7.1614136,30
43.858231,7.1615038,30
43.8584076,7.1618163,30
43.858443,7.1619626,30
43.85845,7.1621221,30
43.8584401,7.1623455,30
43.8584283,7.1626133,30
43.8584413,7.1627751,30
43.8584961,7.1629206,30
43.8585889,7.1631178,30
43.8586256,7.1632683,30
43.8586279,7.1633989,30
43.8585956,7.1638148,30
43.8586152,7.1640178,30
43.8586476,7.1641111,30
43.8587258,7.1641221,30
43.8588606,7.1640578,30
43.8589531,7.1640438,30
43.8590566,7.1640508,30
43.8591312,7.164123,30
43.8592038,7.1642319,30
43.859258,7.1643761,30
43.8593077,7.1644722,30
43.8593786,7.1645087,30
43.8594891,7.1644963,30
43.8595871,7.1644649,30
43.8597436,7.1643957,30
43.8598565,7.1643403,30
43.8602556,7.1641512,30
43.8603615,7.1641641,30
43.860434,7.1642064,30
43.8604513,7.1642895,30
43.8604301,7.1644306,30
43.8603907,7.1645528,30
43.8604042,7.1646791,30
43.8605246,7.1649572,30
43.7133324,7.2495268,30
43.7132731,7.2495202,30
43.7131154,7.2495454,30
43.7128889,7.2496003,30
43.7126915,7.2496457,30
43.7126691,7.2496554,30
43.7126436,7.249674,30
43.7126202,7.2496969,30
43.7125805,7.2497472,30
43.7125527,7.2497847,30
43.7125095,7.2498527,30
43.7124162,7.2500047,30
43.7122254,7.2503013,30
43.7121956,7.2503521,30
43.7121803,7.2503876,30
43.7121687,7.2504197,30
43.7121608,7.2504535,30
43.7121516,7.2505076,30
43.7121464,7.2505657,30
43.7121462,7.2506094,30
43.7121506,7.2506781,30
43.7121611,7.2507655,30
43.7121741,7.2508287,30
43.7121926,7.25088,30
43.7122138,7.2509185,30